[2026-05-18T07:58:50.149Z] [debug] [vite] connecting...
[2026-05-18T07:58:50.466Z] [debug] [vite] connected.
[2026-05-18T08:00:39.603Z] [warning] ElementPlusError: [el-pagination] [API] small is about to be deprecated in version 3.0.0, please use size instead.
For more detail, please visit: https://element-plus.org/zh-CN/component/pagination.html

    at debugWarn (http://localhost:5177/node_modules/.vite/deps/element-plus.js?v=dad2b4ee:9085:37)
    at watch.immediate (http://localhost:5177/node_modules/.vite/deps/element-plus.js?v=dad2b4ee:10179:14)
    at callWithErrorHandling (http://localhost:5177/node_modules/.vite/deps/chunk-UC4PQXLF.js?v=2adafd80:2372:19)
    at callWithAsyncErrorHandling (http://localhost:5177/node_modules/.vite/deps/chunk-UC4PQXLF.js?v=2adafd80:2379:17)
    at baseWatchOptions.call (http://localhost:5177/node_modules/.vite/deps/chunk-UC4PQXLF.js?v=2adafd80:3064:47)
    at job (http://localhost:5177/node_modules/.vite/deps/chunk-UC4PQXLF.js?v=2adafd80:2102:18)
    at watch (http://localhost:5177/node_modules/.vite/deps/chunk-UC4PQXLF.js?v=2adafd80:2137:7)
    at doWatch (http://localhost:5177/node_modules/.vite/deps/chunk-UC4PQXLF.js?v=2adafd80:3092:23)
    at watch2 (http://localhost:5177/node_modules/.vite/deps/chunk-UC4PQXLF.js?v=2adafd80:3025:10)
    at useDeprecated (http://localhost:5177/node_modules/.vite/deps/element-plus.js?v=dad2b4ee:10178:3)
[2026-05-18T08:00:39.606Z] [warning] [Vue warn]: Invalid prop: validation failed for prop "type". Expected one of ["primary", "success", "info", "warning", "danger"], got value "". 
  at <ElTag type="" size="small" > 
  at <TableTdWrapper style= {} class="el-table_1_column_2 is-center el-table__cell" key="0,1"  ... > 
  at <ElTableBody context= {uid: 100, vnode: Object, type: Object, parent: Object, appContext: Object} highlight=false row-class-name=undefined  ... > 
  at <ElScrollbar ref="scrollBarRef" view-style= {display: inline-block, verticalAlign: middle} wrap-style= {}  ... > 
  at <ElTable data= [Object, Object, Object, Object, Object] stripe="" empty-text="暂无批次数据"  ... > 
  at <BatchManage onVnodeUnmounted=fn<onVnodeUnmounted> ref=Ref< Proxy(Object) > > 
  at <BaseTransition mode="out-in" appear=false persisted=false  ... > 
  at <Transition name="fade" mode="out-in" > 
  at <RouterView> 
  at <ElMain class="main-content" > 
  at <ElContainer> 
  at <ElContainer class="layout-container" > 
  at <Layout onVnodeUnmounted=fn<onVnodeUnmounted> ref=Ref< Proxy(Object) > > 
  at <RouterView> 
  at <App>
[2026-05-18T08:00:39.607Z] [warning] [Vue warn]: Invalid prop: custom validator check failed for prop "type". 
  at <ElTag type="" size="small" > 
  at <TableTdWrapper style= {} class="el-table_1_column_2 is-center el-table__cell" key="0,1"  ... > 
  at <ElTableBody context= {uid: 100, vnode: Object, type: Object, parent: Object, appContext: Object} highlight=false row-class-name=undefined  ... > 
  at <ElScrollbar ref="scrollBarRef" view-style= {display: inline-block, verticalAlign: middle} wrap-style= {}  ... > 
  at <ElTable data= [Object, Object, Object, Object, Object] stripe="" empty-text="暂无批次数据"  ... > 
  at <BatchManage onVnodeUnmounted=fn<onVnodeUnmounted> ref=Ref< Proxy(Object) > > 
  at <BaseTransition mode="out-in" appear=false persisted=false  ... > 
  at <Transition name="fade" mode="out-in" > 
  at <RouterView> 
  at <ElMain class="main-content" > 
  at <ElContainer> 
  at <ElContainer class="layout-container" > 
  at <Layout onVnodeUnmounted=fn<onVnodeUnmounted> ref=Ref< Proxy(Object) > > 
  at <RouterView> 
  at <App>
[2026-05-18T08:00:39.608Z] [warning] [Vue warn]: Invalid prop: validation failed for prop "type". Expected one of ["primary", "success", "info", "warning", "danger"], got value "". 
  at <ElTag type="" size="small" > 
  at <TableTdWrapper style= {} class="el-table_1_column_2 is-center el-table__cell" key="2,1"  ... > 
  at <ElTableBody context= {uid: 100, vnode: Object, type: Object, parent: Object, appContext: Object} highlight=false row-class-name=undefined  ... > 
  at <ElScrollbar ref="scrollBarRef" view-style= {display: inline-block, verticalAlign: middle} wrap-style= {}  ... > 
  at <ElTable data= [Object, Object, Object, Object, Object] stripe="" empty-text="暂无批次数据"  ... > 
  at <BatchManage onVnodeUnmounted=fn<onVnodeUnmounted> ref=Ref< Proxy(Object) > > 
  at <BaseTransition mode="out-in" appear=false persisted=false  ... > 
  at <Transition name="fade" mode="out-in" > 
  at <RouterView> 
  at <ElMain class="main-content" > 
  at <ElContainer> 
  at <ElContainer class="layout-container" > 
  at <Layout onVnodeUnmounted=fn<onVnodeUnmounted> ref=Ref< Proxy(Object) > > 
  at <RouterView> 
  at <App>
[2026-05-18T08:00:39.609Z] [warning] [Vue warn]: Invalid prop: custom validator check failed for prop "type". 
  at <ElTag type="" size="small" > 
  at <TableTdWrapper style= {} class="el-table_1_column_2 is-center el-table__cell" key="2,1"  ... > 
  at <ElTableBody context= {uid: 100, vnode: Object, type: Object, parent: Object, appContext: Object} highlight=false row-class-name=undefined  ... > 
  at <ElScrollbar ref="scrollBarRef" view-style= {display: inline-block, verticalAlign: middle} wrap-style= {}  ... > 
  at <ElTable data= [Object, Object, Object, Object, Object] stripe="" empty-text="暂无批次数据"  ... > 
  at <BatchManage onVnodeUnmounted=fn<onVnodeUnmounted> ref=Ref< Proxy(Object) > > 
  at <BaseTransition mode="out-in" appear=false persisted=false  ... > 
  at <Transition name="fade" mode="out-in" > 
  at <RouterView> 
  at <ElMain class="main-content" > 
  at <ElContainer> 
  at <ElContainer class="layout-container" > 
  at <Layout onVnodeUnmounted=fn<onVnodeUnmounted> ref=Ref< Proxy(Object) > > 
  at <RouterView> 
  at <App>
[2026-05-18T08:00:39.611Z] [warning] [Vue warn]: Invalid prop: validation failed for prop "type". Expected one of ["primary", "success", "info", "warning", "danger"], got value "". 
  at <ElTag type="" size="small" > 
  at <TableTdWrapper style= {} class="el-table_1_column_2 is-center el-table__cell" key="3,1"  ... > 
  at <ElTableBody context= {uid: 100, vnode: Object, type: Object, parent: Object, appContext: Object} highlight=false row-class-name=undefined  ... > 
  at <ElScrollbar ref="scrollBarRef" view-style= {display: inline-block, verticalAlign: middle} wrap-style= {}  ... > 
  at <ElTable data= [Object, Object, Object, Object, Object] stripe="" empty-text="暂无批次数据"  ... > 
  at <BatchManage onVnodeUnmounted=fn<onVnodeUnmounted> ref=Ref< Proxy(Object) > > 
  at <BaseTransition mode="out-in" appear=false persisted=false  ... > 
  at <Transition name="fade" mode="out-in" > 
  at <RouterView> 
  at <ElMain class="main-content" > 
  at <ElContainer> 
  at <ElContainer class="layout-container" > 
  at <Layout onVnodeUnmounted=fn<onVnodeUnmounted> ref=Ref< Proxy(Object) > > 
  at <RouterView> 
  at <App>
[2026-05-18T08:00:39.612Z] [warning] [Vue warn]: Invalid prop: custom validator check failed for prop "type". 
  at <ElTag type="" size="small" > 
  at <TableTdWrapper style= {} class="el-table_1_column_2 is-center el-table__cell" key="3,1"  ... > 
  at <ElTableBody context= {uid: 100, vnode: Object, type: Object, parent: Object, appContext: Object} highlight=false row-class-name=undefined  ... > 
  at <ElScrollbar ref="scrollBarRef" view-style= {display: inline-block, verticalAlign: middle} wrap-style= {}  ... > 
  at <ElTable data= [Object, Object, Object, Object, Object] stripe="" empty-text="暂无批次数据"  ... > 
  at <BatchManage onVnodeUnmounted=fn<onVnodeUnmounted> ref=Ref< Proxy(Object) > > 
  at <BaseTransition mode="out-in" appear=false persisted=false  ... > 
  at <Transition name="fade" mode="out-in" > 
  at <RouterView> 
  at <ElMain class="main-content" > 
  at <ElContainer> 
  at <ElContainer class="layout-container" > 
  at <Layout onVnodeUnmounted=fn<onVnodeUnmounted> ref=Ref< Proxy(Object) > > 
  at <RouterView> 
  at <App>
[2026-05-18T08:00:39.613Z] [warning] [Vue warn]: Invalid prop: validation failed for prop "type". Expected one of ["primary", "success", "info", "warning", "danger"], got value "". 
  at <ElTag type="" size="small" > 
  at <TableTdWrapper style= {} class="el-table_1_column_2 is-center el-table__cell" key="4,1"  ... > 
  at <ElTableBody context= {uid: 100, vnode: Object, type: Object, parent: Object, appContext: Object} highlight=false row-class-name=undefined  ... > 
  at <ElScrollbar ref="scrollBarRef" view-style= {display: inline-block, verticalAlign: middle} wrap-style= {}  ... > 
  at <ElTable data= [Object, Object, Object, Object, Object] stripe="" empty-text="暂无批次数据"  ... > 
  at <BatchManage onVnodeUnmounted=fn<onVnodeUnmounted> ref=Ref< Proxy(Object) > > 
  at <BaseTransition mode="out-in" appear=false persisted=false  ... > 
  at <Transition name="fade" mode="out-in" > 
  at <RouterView> 
  at <ElMain class="main-content" > 
  at <ElContainer> 
  at <ElContainer class="layout-container" > 
  at <Layout onVnodeUnmounted=fn<onVnodeUnmounted> ref=Ref< Proxy(Object) > > 
  at <RouterView> 
  at <App>
[2026-05-18T08:00:39.614Z] [warning] [Vue warn]: Invalid prop: custom validator check failed for prop "type". 
  at <ElTag type="" size="small" > 
  at <TableTdWrapper style= {} class="el-table_1_column_2 is-center el-table__cell" key="4,1"  ... > 
  at <ElTableBody context= {uid: 100, vnode: Object, type: Object, parent: Object, appContext: Object} highlight=false row-class-name=undefined  ... > 
  at <ElScrollbar ref="scrollBarRef" view-style= {display: inline-block, verticalAlign: middle} wrap-style= {}  ... > 
  at <ElTable data= [Object, Object, Object, Object, Object] stripe="" empty-text="暂无批次数据"  ... > 
  at <BatchManage onVnodeUnmounted=fn<onVnodeUnmounted> ref=Ref< Proxy(Object) > > 
  at <BaseTransition mode="out-in" appear=false persisted=false  ... > 
  at <Transition name="fade" mode="out-in" > 
  at <RouterView> 
  at <ElMain class="main-content" > 
  at <ElContainer> 
  at <ElContainer class="layout-container" > 
  at <Layout onVnodeUnmounted=fn<onVnodeUnmounted> ref=Ref< Proxy(Object) > > 
  at <RouterView> 
  at <App>
[2026-05-18T08:01:09.085Z] [debug] [vite] connecting...
[2026-05-18T08:01:09.193Z] [warning] ElementPlusError: [el-pagination] [API] small is about to be deprecated in version 3.0.0, please use size instead.
For more detail, please visit: https://element-plus.org/zh-CN/component/pagination.html

    at debugWarn (http://localhost:5177/node_modules/.vite/deps/element-plus.js?v=dad2b4ee:9085:37)
    at watch.immediate (http://localhost:5177/node_modules/.vite/deps/element-plus.js?v=dad2b4ee:10179:14)
    at callWithErrorHandling (http://localhost:5177/node_modules/.vite/deps/chunk-UC4PQXLF.js?v=2adafd80:2372:19)
    at callWithAsyncErrorHandling (http://localhost:5177/node_modules/.vite/deps/chunk-UC4PQXLF.js?v=2adafd80:2379:17)
    at baseWatchOptions.call (http://localhost:5177/node_modules/.vite/deps/chunk-UC4PQXLF.js?v=2adafd80:3064:47)
    at job (http://localhost:5177/node_modules/.vite/deps/chunk-UC4PQXLF.js?v=2adafd80:2102:18)
    at watch (http://localhost:5177/node_modules/.vite/deps/chunk-UC4PQXLF.js?v=2adafd80:2137:7)
    at doWatch (http://localhost:5177/node_modules/.vite/deps/chunk-UC4PQXLF.js?v=2adafd80:3092:23)
    at watch2 (http://localhost:5177/node_modules/.vite/deps/chunk-UC4PQXLF.js?v=2adafd80:3025:10)
    at useDeprecated (http://localhost:5177/node_modules/.vite/deps/element-plus.js?v=dad2b4ee:10178:3)
[2026-05-18T08:01:09.195Z] [warning] [Vue warn]: Invalid prop: validation failed for prop "type". Expected one of ["primary", "success", "info", "warning", "danger"], got value "". 
  at <ElTag type="" size="small" > 
  at <TableTdWrapper style= {} class="el-table_1_column_2 is-center el-table__cell" key="0,1"  ... > 
  at <ElTableBody context= {uid: 78, vnode: Object, type: Object, parent: Object, appContext: Object} highlight=false row-class-name=undefined  ... > 
  at <ElScrollbar ref="scrollBarRef" view-style= {display: inline-block, verticalAlign: middle} wrap-style= {}  ... > 
  at <ElTable data= [Object, Object, Object, Object, Object] stripe="" empty-text="暂无批次数据"  ... > 
  at <BatchManage onVnodeUnmounted=fn<onVnodeUnmounted> ref=Ref< Proxy(Object) > > 
  at <BaseTransition mode="out-in" appear=false persisted=false  ... > 
  at <Transition name="fade" mode="out-in" > 
  at <RouterView> 
  at <ElMain class="main-content" > 
  at <ElContainer> 
  at <ElContainer class="layout-container" > 
  at <Layout onVnodeUnmounted=fn<onVnodeUnmounted> ref=Ref< Proxy(Object) > > 
  at <RouterView> 
  at <App>
[2026-05-18T08:01:09.197Z] [warning] [Vue warn]: Invalid prop: custom validator check failed for prop "type". 
  at <ElTag type="" size="small" > 
  at <TableTdWrapper style= {} class="el-table_1_column_2 is-center el-table__cell" key="0,1"  ... > 
  at <ElTableBody context= {uid: 78, vnode: Object, type: Object, parent: Object, appContext: Object} highlight=false row-class-name=undefined  ... > 
  at <ElScrollbar ref="scrollBarRef" view-style= {display: inline-block, verticalAlign: middle} wrap-style= {}  ... > 
  at <ElTable data= [Object, Object, Object, Object, Object] stripe="" empty-text="暂无批次数据"  ... > 
  at <BatchManage onVnodeUnmounted=fn<onVnodeUnmounted> ref=Ref< Proxy(Object) > > 
  at <BaseTransition mode="out-in" appear=false persisted=false  ... > 
  at <Transition name="fade" mode="out-in" > 
  at <RouterView> 
  at <ElMain class="main-content" > 
  at <ElContainer> 
  at <ElContainer class="layout-container" > 
  at <Layout onVnodeUnmounted=fn<onVnodeUnmounted> ref=Ref< Proxy(Object) > > 
  at <RouterView> 
  at <App>
[2026-05-18T08:01:09.198Z] [warning] [Vue warn]: Invalid prop: validation failed for prop "type". Expected one of ["primary", "success", "info", "warning", "danger"], got value "". 
  at <ElTag type="" size="small" > 
  at <TableTdWrapper style= {} class="el-table_1_column_2 is-center el-table__cell" key="2,1"  ... > 
  at <ElTableBody context= {uid: 78, vnode: Object, type: Object, parent: Object, appContext: Object} highlight=false row-class-name=undefined  ... > 
  at <ElScrollbar ref="scrollBarRef" view-style= {display: inline-block, verticalAlign: middle} wrap-style= {}  ... > 
  at <ElTable data= [Object, Object, Object, Object, Object] stripe="" empty-text="暂无批次数据"  ... > 
  at <BatchManage onVnodeUnmounted=fn<onVnodeUnmounted> ref=Ref< Proxy(Object) > > 
  at <BaseTransition mode="out-in" appear=false persisted=false  ... > 
  at <Transition name="fade" mode="out-in" > 
  at <RouterView> 
  at <ElMain class="main-content" > 
  at <ElContainer> 
  at <ElContainer class="layout-container" > 
  at <Layout onVnodeUnmounted=fn<onVnodeUnmounted> ref=Ref< Proxy(Object) > > 
  at <RouterView> 
  at <App>
[2026-05-18T08:01:09.198Z] [warning] [Vue warn]: Invalid prop: custom validator check failed for prop "type". 
  at <ElTag type="" size="small" > 
  at <TableTdWrapper style= {} class="el-table_1_column_2 is-center el-table__cell" key="2,1"  ... > 
  at <ElTableBody context= {uid: 78, vnode: Object, type: Object, parent: Object, appContext: Object} highlight=false row-class-name=undefined  ... > 
  at <ElScrollbar ref="scrollBarRef" view-style= {display: inline-block, verticalAlign: middle} wrap-style= {}  ... > 
  at <ElTable data= [Object, Object, Object, Object, Object] stripe="" empty-text="暂无批次数据"  ... > 
  at <BatchManage onVnodeUnmounted=fn<onVnodeUnmounted> ref=Ref< Proxy(Object) > > 
  at <BaseTransition mode="out-in" appear=false persisted=false  ... > 
  at <Transition name="fade" mode="out-in" > 
  at <RouterView> 
  at <ElMain class="main-content" > 
  at <ElContainer> 
  at <ElContainer class="layout-container" > 
  at <Layout onVnodeUnmounted=fn<onVnodeUnmounted> ref=Ref< Proxy(Object) > > 
  at <RouterView> 
  at <App>
[2026-05-18T08:01:09.199Z] [warning] [Vue warn]: Invalid prop: validation failed for prop "type". Expected one of ["primary", "success", "info", "warning", "danger"], got value "". 
  at <ElTag type="" size="small" > 
  at <TableTdWrapper style= {} class="el-table_1_column_2 is-center el-table__cell" key="3,1"  ... > 
  at <ElTableBody context= {uid: 78, vnode: Object, type: Object, parent: Object, appContext: Object} highlight=false row-class-name=undefined  ... > 
  at <ElScrollbar ref="scrollBarRef" view-style= {display: inline-block, verticalAlign: middle} wrap-style= {}  ... > 
  at <ElTable data= [Object, Object, Object, Object, Object] stripe="" empty-text="暂无批次数据"  ... > 
  at <BatchManage onVnodeUnmounted=fn<onVnodeUnmounted> ref=Ref< Proxy(Object) > > 
  at <BaseTransition mode="out-in" appear=false persisted=false  ... > 
  at <Transition name="fade" mode="out-in" > 
  at <RouterView> 
  at <ElMain class="main-content" > 
  at <ElContainer> 
  at <ElContainer class="layout-container" > 
  at <Layout onVnodeUnmounted=fn<onVnodeUnmounted> ref=Ref< Proxy(Object) > > 
  at <RouterView> 
  at <App>
[2026-05-18T08:01:09.200Z] [warning] [Vue warn]: Invalid prop: custom validator check failed for prop "type". 
  at <ElTag type="" size="small" > 
  at <TableTdWrapper style= {} class="el-table_1_column_2 is-center el-table__cell" key="3,1"  ... > 
  at <ElTableBody context= {uid: 78, vnode: Object, type: Object, parent: Object, appContext: Object} highlight=false row-class-name=undefined  ... > 
  at <ElScrollbar ref="scrollBarRef" view-style= {display: inline-block, verticalAlign: middle} wrap-style= {}  ... > 
  at <ElTable data= [Object, Object, Object, Object, Object] stripe="" empty-text="暂无批次数据"  ... > 
  at <BatchManage onVnodeUnmounted=fn<onVnodeUnmounted> ref=Ref< Proxy(Object) > > 
  at <BaseTransition mode="out-in" appear=false persisted=false  ... > 
  at <Transition name="fade" mode="out-in" > 
  at <RouterView> 
  at <ElMain class="main-content" > 
  at <ElContainer> 
  at <ElContainer class="layout-container" > 
  at <Layout onVnodeUnmounted=fn<onVnodeUnmounted> ref=Ref< Proxy(Object) > > 
  at <RouterView> 
  at <App>
[2026-05-18T08:01:09.200Z] [warning] [Vue warn]: Invalid prop: validation failed for prop "type". Expected one of ["primary", "success", "info", "warning", "danger"], got value "". 
  at <ElTag type="" size="small" > 
  at <TableTdWrapper style= {} class="el-table_1_column_2 is-center el-table__cell" key="4,1"  ... > 
  at <ElTableBody context= {uid: 78, vnode: Object, type: Object, parent: Object, appContext: Object} highlight=false row-class-name=undefined  ... > 
  at <ElScrollbar ref="scrollBarRef" view-style= {display: inline-block, verticalAlign: middle} wrap-style= {}  ... > 
  at <ElTable data= [Object, Object, Object, Object, Object] stripe="" empty-text="暂无批次数据"  ... > 
  at <BatchManage onVnodeUnmounted=fn<onVnodeUnmounted> ref=Ref< Proxy(Object) > > 
  at <BaseTransition mode="out-in" appear=false persisted=false  ... > 
  at <Transition name="fade" mode="out-in" > 
  at <RouterView> 
  at <ElMain class="main-content" > 
  at <ElContainer> 
  at <ElContainer class="layout-container" > 
  at <Layout onVnodeUnmounted=fn<onVnodeUnmounted> ref=Ref< Proxy(Object) > > 
  at <RouterView> 
  at <App>
[2026-05-18T08:01:09.201Z] [warning] [Vue warn]: Invalid prop: custom validator check failed for prop "type". 
  at <ElTag type="" size="small" > 
  at <TableTdWrapper style= {} class="el-table_1_column_2 is-center el-table__cell" key="4,1"  ... > 
  at <ElTableBody context= {uid: 78, vnode: Object, type: Object, parent: Object, appContext: Object} highlight=false row-class-name=undefined  ... > 
  at <ElScrollbar ref="scrollBarRef" view-style= {display: inline-block, verticalAlign: middle} wrap-style= {}  ... > 
  at <ElTable data= [Object, Object, Object, Object, Object] stripe="" empty-text="暂无批次数据"  ... > 
  at <BatchManage onVnodeUnmounted=fn<onVnodeUnmounted> ref=Ref< Proxy(Object) > > 
  at <BaseTransition mode="out-in" appear=false persisted=false  ... > 
  at <Transition name="fade" mode="out-in" > 
  at <RouterView> 
  at <ElMain class="main-content" > 
  at <ElContainer> 
  at <ElContainer class="layout-container" > 
  at <Layout onVnodeUnmounted=fn<onVnodeUnmounted> ref=Ref< Proxy(Object) > > 
  at <RouterView> 
  at <App>
[2026-05-18T08:01:09.387Z] [debug] [vite] connected.
[2026-05-18T08:01:57.293Z] [debug] [vite] connecting...
[2026-05-18T08:01:57.437Z] [warning] ElementPlusError: [el-pagination] [API] small is about to be deprecated in version 3.0.0, please use size instead.
For more detail, please visit: https://element-plus.org/zh-CN/component/pagination.html

    at debugWarn (http://localhost:5177/node_modules/.vite/deps/element-plus.js?v=dad2b4ee:9085:37)
    at watch.immediate (http://localhost:5177/node_modules/.vite/deps/element-plus.js?v=dad2b4ee:10179:14)
    at callWithErrorHandling (http://localhost:5177/node_modules/.vite/deps/chunk-UC4PQXLF.js?v=2adafd80:2372:19)
    at callWithAsyncErrorHandling (http://localhost:5177/node_modules/.vite/deps/chunk-UC4PQXLF.js?v=2adafd80:2379:17)
    at baseWatchOptions.call (http://localhost:5177/node_modules/.vite/deps/chunk-UC4PQXLF.js?v=2adafd80:3064:47)
    at job (http://localhost:5177/node_modules/.vite/deps/chunk-UC4PQXLF.js?v=2adafd80:2102:18)
    at watch (http://localhost:5177/node_modules/.vite/deps/chunk-UC4PQXLF.js?v=2adafd80:2137:7)
    at doWatch (http://localhost:5177/node_modules/.vite/deps/chunk-UC4PQXLF.js?v=2adafd80:3092:23)
    at watch2 (http://localhost:5177/node_modules/.vite/deps/chunk-UC4PQXLF.js?v=2adafd80:3025:10)
    at useDeprecated (http://localhost:5177/node_modules/.vite/deps/element-plus.js?v=dad2b4ee:10178:3)
[2026-05-18T08:01:57.440Z] [warning] Invalid prop: validation failed for prop "type". Expected one of ["primary", "success", "info", "warning", "danger"], got value "". null at <ElTag>
at <TableTdWrapper>
at <ElTableBody>
at <ElScrollbar>
at <ElTable>
at <EmployeeVouchers>
at <BaseTransition>
at <Transition>
at <RouterView>
at <ElMain>
at <ElContainer>
at <ElContainer>
at <Layout>
at <RouterView>
at <App> [Object, Object, Object, Object, Object, Object, Object, Object, Object, Object, Object, Object, Object, Object, Object]
[2026-05-18T08:01:57.440Z] [warning] Invalid prop: custom validator check failed for prop "type". null at <ElTag>
at <TableTdWrapper>
at <ElTableBody>
at <ElScrollbar>
at <ElTable>
at <EmployeeVouchers>
at <BaseTransition>
at <Transition>
at <RouterView>
at <ElMain>
at <ElContainer>
at <ElContainer>
at <Layout>
at <RouterView>
at <App> [Object, Object, Object, Object, Object, Object, Object, Object, Object, Object, Object, Object, Object, Object, Object]
[2026-05-18T08:01:57.440Z] [warning] Invalid prop: validation failed for prop "type". Expected one of ["primary", "success", "info", "warning", "danger"], got value "". null at <ElTag>
at <TableTdWrapper>
at <ElTableBody>
at <ElScrollbar>
at <ElTable>
at <EmployeeVouchers>
at <BaseTransition>
at <Transition>
at <RouterView>
at <ElMain>
at <ElContainer>
at <ElContainer>
at <Layout>
at <RouterView>
at <App> [Object, Object, Object, Object, Object, Object, Object, Object, Object, Object, Object, Object, Object, Object, Object]
[2026-05-18T08:01:57.440Z] [warning] Invalid prop: custom validator check failed for prop "type". null at <ElTag>
at <TableTdWrapper>
at <ElTableBody>
at <ElScrollbar>
at <ElTable>
at <EmployeeVouchers>
at <BaseTransition>
at <Transition>
at <RouterView>
at <ElMain>
at <ElContainer>
at <ElContainer>
at <Layout>
at <RouterView>
at <App> [Object, Object, Object, Object, Object, Object, Object, Object, Object, Object, Object, Object, Object, Object, Object]
[2026-05-18T08:01:57.441Z] [warning] Invalid prop: validation failed for prop "type". Expected one of ["primary", "success", "info", "warning", "danger"], got value "". null at <ElTag>
at <TableTdWrapper>
at <ElTableBody>
at <ElScrollbar>
at <ElTable>
at <EmployeeVouchers>
at <BaseTransition>
at <Transition>
at <RouterView>
at <ElMain>
at <ElContainer>
at <ElContainer>
at <Layout>
at <RouterView>
at <App> [Object, Object, Object, Object, Object, Object, Object, Object, Object, Object, Object, Object, Object, Object, Object]
[2026-05-18T08:01:57.441Z] [warning] Invalid prop: custom validator check failed for prop "type". null at <ElTag>
at <TableTdWrapper>
at <ElTableBody>
at <ElScrollbar>
at <ElTable>
at <EmployeeVouchers>
at <BaseTransition>
at <Transition>
at <RouterView>
at <ElMain>
at <ElContainer>
at <ElContainer>
at <Layout>
at <RouterView>
at <App> [Object, Object, Object, Object, Object, Object, Object, Object, Object, Object, Object, Object, Object, Object, Object]
[2026-05-18T08:01:57.442Z] [warning] Invalid prop: validation failed for prop "type". Expected one of ["primary", "success", "info", "warning", "danger"], got value "". null at <ElTag>
at <TableTdWrapper>
at <ElTableBody>
at <ElScrollbar>
at <ElTable>
at <EmployeeVouchers>
at <BaseTransition>
at <Transition>
at <RouterView>
at <ElMain>
at <ElContainer>
at <ElContainer>
at <Layout>
at <RouterView>
at <App> [Object, Object, Object, Object, Object, Object, Object, Object, Object, Object, Object, Object, Object, Object, Object]
[2026-05-18T08:01:57.442Z] [warning] Invalid prop: custom validator check failed for prop "type". null at <ElTag>
at <TableTdWrapper>
at <ElTableBody>
at <ElScrollbar>
at <ElTable>
at <EmployeeVouchers>
at <BaseTransition>
at <Transition>
at <RouterView>
at <ElMain>
at <ElContainer>
at <ElContainer>
at <Layout>
at <RouterView>
at <App> [Object, Object, Object, Object, Object, Object, Object, Object, Object, Object, Object, Object, Object, Object, Object]
[2026-05-18T08:01:57.443Z] [warning] Invalid prop: validation failed for prop "type". Expected one of ["primary", "success", "info", "warning", "danger"], got value "". null at <ElTag>
at <TableTdWrapper>
at <ElTableBody>
at <ElScrollbar>
at <ElTable>
at <EmployeeVouchers>
at <BaseTransition>
at <Transition>
at <RouterView>
at <ElMain>
at <ElContainer>
at <ElContainer>
at <Layout>
at <RouterView>
at <App> [Object, Object, Object, Object, Object, Object, Object, Object, Object, Object, Object, Object, Object, Object, Object]
[2026-05-18T08:01:57.443Z] [warning] Invalid prop: custom validator check failed for prop "type". null at <ElTag>
at <TableTdWrapper>
at <ElTableBody>
at <ElScrollbar>
at <ElTable>
at <EmployeeVouchers>
at <BaseTransition>
at <Transition>
at <RouterView>
at <ElMain>
at <ElContainer>
at <ElContainer>
at <Layout>
at <RouterView>
at <App> [Object, Object, Object, Object, Object, Object, Object, Object, Object, Object, Object, Object, Object, Object, Object]
[2026-05-18T08:01:57.444Z] [warning] Invalid prop: validation failed for prop "type". Expected one of ["primary", "success", "info", "warning", "danger"], got value "". null at <ElTag>
at <TableTdWrapper>
at <ElTableBody>
at <ElScrollbar>
at <ElTable>
at <EmployeeVouchers>
at <BaseTransition>
at <Transition>
at <RouterView>
at <ElMain>
at <ElContainer>
at <ElContainer>
at <Layout>
at <RouterView>
at <App> [Object, Object, Object, Object, Object, Object, Object, Object, Object, Object, Object, Object, Object, Object, Object]
[2026-05-18T08:01:57.444Z] [warning] Invalid prop: custom validator check failed for prop "type". null at <ElTag>
at <TableTdWrapper>
at <ElTableBody>
at <ElScrollbar>
at <ElTable>
at <EmployeeVouchers>
at <BaseTransition>
at <Transition>
at <RouterView>
at <ElMain>
at <ElContainer>
at <ElContainer>
at <Layout>
at <RouterView>
at <App> [Object, Object, Object, Object, Object, Object, Object, Object, Object, Object, Object, Object, Object, Object, Object]
[2026-05-18T08:01:57.451Z] [warning] Invalid prop: validation failed for prop "type". Expected one of ["primary", "success", "info", "warning", "danger"], got value "". Proxy(Object) at <ElTag>
at <TableTdWrapper>
at <ElTableBody>
at <ElScrollbar>
at <ElTable>
at <EmployeeVouchers>
at <BaseTransition>
at <Transition>
at <RouterView>
at <ElMain>
at <ElContainer>
at <ElContainer>
at <Layout>
at <RouterView>
at <App> [Object, Object, Object, Object, Object, Object, Object, Object, Object, Object, Object, Object, Object, Object, Object]
[2026-05-18T08:01:57.451Z] [warning] Invalid prop: custom validator check failed for prop "type". Proxy(Object) at <ElTag>
at <TableTdWrapper>
at <ElTableBody>
at <ElScrollbar>
at <ElTable>
at <EmployeeVouchers>
at <BaseTransition>
at <Transition>
at <RouterView>
at <ElMain>
at <ElContainer>
at <ElContainer>
at <Layout>
at <RouterView>
at <App> [Object, Object, Object, Object, Object, Object, Object, Object, Object, Object, Object, Object, Object, Object, Object]
[2026-05-18T08:01:57.452Z] [warning] Invalid prop: validation failed for prop "type". Expected one of ["primary", "success", "info", "warning", "danger"], got value "". Proxy(Object) at <ElTag>
at <TableTdWrapper>
at <ElTableBody>
at <ElScrollbar>
at <ElTable>
at <EmployeeVouchers>
at <BaseTransition>
at <Transition>
at <RouterView>
at <ElMain>
at <ElContainer>
at <ElContainer>
at <Layout>
at <RouterView>
at <App> [Object, Object, Object, Object, Object, Object, Object, Object, Object, Object, Object, Object, Object, Object, Object]
[2026-05-18T08:01:57.452Z] [warning] Invalid prop: custom validator check failed for prop "type". Proxy(Object) at <ElTag>
at <TableTdWrapper>
at <ElTableBody>
at <ElScrollbar>
at <ElTable>
at <EmployeeVouchers>
at <BaseTransition>
at <Transition>
at <RouterView>
at <ElMain>
at <ElContainer>
at <ElContainer>
at <Layout>
at <RouterView>
at <App> [Object, Object, Object, Object, Object, Object, Object, Object, Object, Object, Object, Object, Object, Object, Object]
[2026-05-18T08:01:57.452Z] [warning] Invalid prop: validation failed for prop "type". Expected one of ["primary", "success", "info", "warning", "danger"], got value "". Proxy(Object) at <ElTag>
at <TableTdWrapper>
at <ElTableBody>
at <ElScrollbar>
at <ElTable>
at <EmployeeVouchers>
at <BaseTransition>
at <Transition>
at <RouterView>
at <ElMain>
at <ElContainer>
at <ElContainer>
at <Layout>
at <RouterView>
at <App> [Object, Object, Object, Object, Object, Object, Object, Object, Object, Object, Object, Object, Object, Object, Object]
[2026-05-18T08:01:57.453Z] [warning] Invalid prop: custom validator check failed for prop "type". Proxy(Object) at <ElTag>
at <TableTdWrapper>
at <ElTableBody>
at <ElScrollbar>
at <ElTable>
at <EmployeeVouchers>
at <BaseTransition>
at <Transition>
at <RouterView>
at <ElMain>
at <ElContainer>
at <ElContainer>
at <Layout>
at <RouterView>
at <App> [Object, Object, Object, Object, Object, Object, Object, Object, Object, Object, Object, Object, Object, Object, Object]
[2026-05-18T08:01:57.453Z] [warning] Invalid prop: validation failed for prop "type". Expected one of ["primary", "success", "info", "warning", "danger"], got value "". Proxy(Object) at <ElTag>
at <TableTdWrapper>
at <ElTableBody>
at <ElScrollbar>
at <ElTable>
at <EmployeeVouchers>
at <BaseTransition>
at <Transition>
at <RouterView>
at <ElMain>
at <ElContainer>
at <ElContainer>
at <Layout>
at <RouterView>
at <App> [Object, Object, Object, Object, Object, Object, Object, Object, Object, Object, Object, Object, Object, Object, Object]
[2026-05-18T08:01:57.453Z] [warning] Invalid prop: custom validator check failed for prop "type". Proxy(Object) at <ElTag>
at <TableTdWrapper>
at <ElTableBody>
at <ElScrollbar>
at <ElTable>
at <EmployeeVouchers>
at <BaseTransition>
at <Transition>
at <RouterView>
at <ElMain>
at <ElContainer>
at <ElContainer>
at <Layout>
at <RouterView>
at <App> [Object, Object, Object, Object, Object, Object, Object, Object, Object, Object, Object, Object, Object, Object, Object]
[2026-05-18T08:01:57.453Z] [warning] Invalid prop: validation failed for prop "type". Expected one of ["primary", "success", "info", "warning", "danger"], got value "". Proxy(Object) at <ElTag>
at <TableTdWrapper>
at <ElTableBody>
at <ElScrollbar>
at <ElTable>
at <EmployeeVouchers>
at <BaseTransition>
at <Transition>
at <RouterView>
at <ElMain>
at <ElContainer>
at <ElContainer>
at <Layout>
at <RouterView>
at <App> [Object, Object, Object, Object, Object, Object, Object, Object, Object, Object, Object, Object, Object, Object, Object]
[2026-05-18T08:01:57.453Z] [warning] Invalid prop: custom validator check failed for prop "type". Proxy(Object) at <ElTag>
at <TableTdWrapper>
at <ElTableBody>
at <ElScrollbar>
at <ElTable>
at <EmployeeVouchers>
at <BaseTransition>
at <Transition>
at <RouterView>
at <ElMain>
at <ElContainer>
at <ElContainer>
at <Layout>
at <RouterView>
at <App> [Object, Object, Object, Object, Object, Object, Object, Object, Object, Object, Object, Object, Object, Object, Object]
[2026-05-18T08:01:57.454Z] [warning] Invalid prop: validation failed for prop "type". Expected one of ["primary", "success", "info", "warning", "danger"], got value "". Proxy(Object) at <ElTag>
at <TableTdWrapper>
at <ElTableBody>
at <ElScrollbar>
at <ElTable>
at <EmployeeVouchers>
at <BaseTransition>
at <Transition>
at <RouterView>
at <ElMain>
at <ElContainer>
at <ElContainer>
at <Layout>
at <RouterView>
at <App> [Object, Object, Object, Object, Object, Object, Object, Object, Object, Object, Object, Object, Object, Object, Object]
[2026-05-18T08:01:57.454Z] [warning] Invalid prop: custom validator check failed for prop "type". Proxy(Object) at <ElTag>
at <TableTdWrapper>
at <ElTableBody>
at <ElScrollbar>
at <ElTable>
at <EmployeeVouchers>
at <BaseTransition>
at <Transition>
at <RouterView>
at <ElMain>
at <ElContainer>
at <ElContainer>
at <Layout>
at <RouterView>
at <App> [Object, Object, Object, Object, Object, Object, Object, Object, Object, Object, Object, Object, Object, Object, Object]
[2026-05-18T08:01:57.460Z] [warning] Invalid prop: validation failed for prop "type". Expected one of ["primary", "success", "info", "warning", "danger"], got value "". Proxy(Object) at <ElTag>
at <TableTdWrapper>
at <ElTableBody>
at <ElScrollbar>
at <ElTable>
at <EmployeeVouchers>
at <BaseTransition>
at <Transition>
at <RouterView>
at <ElMain>
at <ElContainer>
at <ElContainer>
at <Layout>
at <RouterView>
at <App> [Object, Object, Object, Object, Object, Object, Object, Object, Object, Object, Object, Object, Object, Object, Object]
[2026-05-18T08:01:57.460Z] [warning] Invalid prop: custom validator check failed for prop "type". Proxy(Object) at <ElTag>
at <TableTdWrapper>
at <ElTableBody>
at <ElScrollbar>
at <ElTable>
at <EmployeeVouchers>
at <BaseTransition>
at <Transition>
at <RouterView>
at <ElMain>
at <ElContainer>
at <ElContainer>
at <Layout>
at <RouterView>
at <App> [Object, Object, Object, Object, Object, Object, Object, Object, Object, Object, Object, Object, Object, Object, Object]
[2026-05-18T08:01:57.460Z] [warning] Invalid prop: validation failed for prop "type". Expected one of ["primary", "success", "info", "warning", "danger"], got value "". Proxy(Object) at <ElTag>
at <TableTdWrapper>
at <ElTableBody>
at <ElScrollbar>
at <ElTable>
at <EmployeeVouchers>
at <BaseTransition>
at <Transition>
at <RouterView>
at <ElMain>
at <ElContainer>
at <ElContainer>
at <Layout>
at <RouterView>
at <App> [Object, Object, Object, Object, Object, Object, Object, Object, Object, Object, Object, Object, Object, Object, Object]
[2026-05-18T08:01:57.460Z] [warning] Invalid prop: custom validator check failed for prop "type". Proxy(Object) at <ElTag>
at <TableTdWrapper>
at <ElTableBody>
at <ElScrollbar>
at <ElTable>
at <EmployeeVouchers>
at <BaseTransition>
at <Transition>
at <RouterView>
at <ElMain>
at <ElContainer>
at <ElContainer>
at <Layout>
at <RouterView>
at <App> [Object, Object, Object, Object, Object, Object, Object, Object, Object, Object, Object, Object, Object, Object, Object]
[2026-05-18T08:01:57.462Z] [warning] Invalid prop: validation failed for prop "type". Expected one of ["primary", "success", "info", "warning", "danger"], got value "". Proxy(Object) at <ElTag>
at <TableTdWrapper>
at <ElTableBody>
at <ElScrollbar>
at <ElTable>
at <EmployeeVouchers>
at <BaseTransition>
at <Transition>
at <RouterView>
at <ElMain>
at <ElContainer>
at <ElContainer>
at <Layout>
at <RouterView>
at <App> [Object, Object, Object, Object, Object, Object, Object, Object, Object, Object, Object, Object, Object, Object, Object]
[2026-05-18T08:01:57.462Z] [warning] Invalid prop: custom validator check failed for prop "type". Proxy(Object) at <ElTag>
at <TableTdWrapper>
at <ElTableBody>
at <ElScrollbar>
at <ElTable>
at <EmployeeVouchers>
at <BaseTransition>
at <Transition>
at <RouterView>
at <ElMain>
at <ElContainer>
at <ElContainer>
at <Layout>
at <RouterView>
at <App> [Object, Object, Object, Object, Object, Object, Object, Object, Object, Object, Object, Object, Object, Object, Object]
[2026-05-18T08:01:57.462Z] [warning] Invalid prop: validation failed for prop "type". Expected one of ["primary", "success", "info", "warning", "danger"], got value "". Proxy(Object) at <ElTag>
at <TableTdWrapper>
at <ElTableBody>
at <ElScrollbar>
at <ElTable>
at <EmployeeVouchers>
at <BaseTransition>
at <Transition>
at <RouterView>
at <ElMain>
at <ElContainer>
at <ElContainer>
at <Layout>
at <RouterView>
at <App> [Object, Object, Object, Object, Object, Object, Object, Object, Object, Object, Object, Object, Object, Object, Object]
[2026-05-18T08:01:57.462Z] [warning] Invalid prop: custom validator check failed for prop "type". Proxy(Object) at <ElTag>
at <TableTdWrapper>
at <ElTableBody>
at <ElScrollbar>
at <ElTable>
at <EmployeeVouchers>
at <BaseTransition>
at <Transition>
at <RouterView>
at <ElMain>
at <ElContainer>
at <ElContainer>
at <Layout>
at <RouterView>
at <App> [Object, Object, Object, Object, Object, Object, Object, Object, Object, Object, Object, Object, Object, Object, Object]
[2026-05-18T08:01:57.463Z] [warning] Invalid prop: validation failed for prop "type". Expected one of ["primary", "success", "info", "warning", "danger"], got value "". Proxy(Object) at <ElTag>
at <TableTdWrapper>
at <ElTableBody>
at <ElScrollbar>
at <ElTable>
at <EmployeeVouchers>
at <BaseTransition>
at <Transition>
at <RouterView>
at <ElMain>
at <ElContainer>
at <ElContainer>
at <Layout>
at <RouterView>
at <App> [Object, Object, Object, Object, Object, Object, Object, Object, Object, Object, Object, Object, Object, Object, Object]
[2026-05-18T08:01:57.463Z] [warning] Invalid prop: custom validator check failed for prop "type". Proxy(Object) at <ElTag>
at <TableTdWrapper>
at <ElTableBody>
at <ElScrollbar>
at <ElTable>
at <EmployeeVouchers>
at <BaseTransition>
at <Transition>
at <RouterView>
at <ElMain>
at <ElContainer>
at <ElContainer>
at <Layout>
at <RouterView>
at <App> [Object, Object, Object, Object, Object, Object, Object, Object, Object, Object, Object, Object, Object, Object, Object]
[2026-05-18T08:01:57.463Z] [warning] Invalid prop: validation failed for prop "type". Expected one of ["primary", "success", "info", "warning", "danger"], got value "". Proxy(Object) at <ElTag>
at <TableTdWrapper>
at <ElTableBody>
at <ElScrollbar>
at <ElTable>
at <EmployeeVouchers>
at <BaseTransition>
at <Transition>
at <RouterView>
at <ElMain>
at <ElContainer>
at <ElContainer>
at <Layout>
at <RouterView>
at <App> [Object, Object, Object, Object, Object, Object, Object, Object, Object, Object, Object, Object, Object, Object, Object]
[2026-05-18T08:01:57.463Z] [warning] Invalid prop: custom validator check failed for prop "type". Proxy(Object) at <ElTag>
at <TableTdWrapper>
at <ElTableBody>
at <ElScrollbar>
at <ElTable>
at <EmployeeVouchers>
at <BaseTransition>
at <Transition>
at <RouterView>
at <ElMain>
at <ElContainer>
at <ElContainer>
at <Layout>
at <RouterView>
at <App> [Object, Object, Object, Object, Object, Object, Object, Object, Object, Object, Object, Object, Object, Object, Object]
[2026-05-18T08:01:57.470Z] [warning] Invalid prop: validation failed for prop "type". Expected one of ["primary", "success", "info", "warning", "danger"], got value "". Proxy(Object) at <ElTag>
at <TableTdWrapper>
at <ElTableBody>
at <ElScrollbar>
at <ElTable>
at <EmployeeVouchers>
at <BaseTransition>
at <Transition>
at <RouterView>
at <ElMain>
at <ElContainer>
at <ElContainer>
at <Layout>
at <RouterView>
at <App> [Object, Object, Object, Object, Object, Object, Object, Object, Object, Object, Object, Object, Object, Object, Object]
[2026-05-18T08:01:57.470Z] [warning] Invalid prop: custom validator check failed for prop "type". Proxy(Object) at <ElTag>
at <TableTdWrapper>
at <ElTableBody>
at <ElScrollbar>
at <ElTable>
at <EmployeeVouchers>
at <BaseTransition>
at <Transition>
at <RouterView>
at <ElMain>
at <ElContainer>
at <ElContainer>
at <Layout>
at <RouterView>
at <App> [Object, Object, Object, Object, Object, Object, Object, Object, Object, Object, Object, Object, Object, Object, Object]
[2026-05-18T08:01:57.470Z] [warning] Invalid prop: validation failed for prop "type". Expected one of ["primary", "success", "info", "warning", "danger"], got value "". Proxy(Object) at <ElTag>
at <TableTdWrapper>
at <ElTableBody>
at <ElScrollbar>
at <ElTable>
at <EmployeeVouchers>
at <BaseTransition>
at <Transition>
at <RouterView>
at <ElMain>
at <ElContainer>
at <ElContainer>
at <Layout>
at <RouterView>
at <App> [Object, Object, Object, Object, Object, Object, Object, Object, Object, Object, Object, Object, Object, Object, Object]
[2026-05-18T08:01:57.470Z] [warning] Invalid prop: custom validator check failed for prop "type". Proxy(Object) at <ElTag>
at <TableTdWrapper>
at <ElTableBody>
at <ElScrollbar>
at <ElTable>
at <EmployeeVouchers>
at <BaseTransition>
at <Transition>
at <RouterView>
at <ElMain>
at <ElContainer>
at <ElContainer>
at <Layout>
at <RouterView>
at <App> [Object, Object, Object, Object, Object, Object, Object, Object, Object, Object, Object, Object, Object, Object, Object]
[2026-05-18T08:01:57.472Z] [warning] Invalid prop: validation failed for prop "type". Expected one of ["primary", "success", "info", "warning", "danger"], got value "". Proxy(Object) at <ElTag>
at <TableTdWrapper>
at <ElTableBody>
at <ElScrollbar>
at <ElTable>
at <EmployeeVouchers>
at <BaseTransition>
at <Transition>
at <RouterView>
at <ElMain>
at <ElContainer>
at <ElContainer>
at <Layout>
at <RouterView>
at <App> [Object, Object, Object, Object, Object, Object, Object, Object, Object, Object, Object, Object, Object, Object, Object]
[2026-05-18T08:01:57.472Z] [warning] Invalid prop: custom validator check failed for prop "type". Proxy(Object) at <ElTag>
at <TableTdWrapper>
at <ElTableBody>
at <ElScrollbar>
at <ElTable>
at <EmployeeVouchers>
at <BaseTransition>
at <Transition>
at <RouterView>
at <ElMain>
at <ElContainer>
at <ElContainer>
at <Layout>
at <RouterView>
at <App> [Object, Object, Object, Object, Object, Object, Object, Object, Object, Object, Object, Object, Object, Object, Object]
[2026-05-18T08:01:57.473Z] [warning] Invalid prop: validation failed for prop "type". Expected one of ["primary", "success", "info", "warning", "danger"], got value "". Proxy(Object) at <ElTag>
at <TableTdWrapper>
at <ElTableBody>
at <ElScrollbar>
at <ElTable>
at <EmployeeVouchers>
at <BaseTransition>
at <Transition>
at <RouterView>
at <ElMain>
at <ElContainer>
at <ElContainer>
at <Layout>
at <RouterView>
at <App> [Object, Object, Object, Object, Object, Object, Object, Object, Object, Object, Object, Object, Object, Object, Object]
[2026-05-18T08:01:57.473Z] [warning] Invalid prop: custom validator check failed for prop "type". Proxy(Object) at <ElTag>
at <TableTdWrapper>
at <ElTableBody>
at <ElScrollbar>
at <ElTable>
at <EmployeeVouchers>
at <BaseTransition>
at <Transition>
at <RouterView>
at <ElMain>
at <ElContainer>
at <ElContainer>
at <Layout>
at <RouterView>
at <App> [Object, Object, Object, Object, Object, Object, Object, Object, Object, Object, Object, Object, Object, Object, Object]
[2026-05-18T08:01:57.473Z] [warning] Invalid prop: validation failed for prop "type". Expected one of ["primary", "success", "info", "warning", "danger"], got value "". Proxy(Object) at <ElTag>
at <TableTdWrapper>
at <ElTableBody>
at <ElScrollbar>
at <ElTable>
at <EmployeeVouchers>
at <BaseTransition>
at <Transition>
at <RouterView>
at <ElMain>
at <ElContainer>
at <ElContainer>
at <Layout>
at <RouterView>
at <App> [Object, Object, Object, Object, Object, Object, Object, Object, Object, Object, Object, Object, Object, Object, Object]
[2026-05-18T08:01:57.473Z] [warning] Invalid prop: custom validator check failed for prop "type". Proxy(Object) at <ElTag>
at <TableTdWrapper>
at <ElTableBody>
at <ElScrollbar>
at <ElTable>
at <EmployeeVouchers>
at <BaseTransition>
at <Transition>
at <RouterView>
at <ElMain>
at <ElContainer>
at <ElContainer>
at <Layout>
at <RouterView>
at <App> [Object, Object, Object, Object, Object, Object, Object, Object, Object, Object, Object, Object, Object, Object, Object]
[2026-05-18T08:01:57.473Z] [warning] Invalid prop: validation failed for prop "type". Expected one of ["primary", "success", "info", "warning", "danger"], got value "". Proxy(Object) at <ElTag>
at <TableTdWrapper>
at <ElTableBody>
at <ElScrollbar>
at <ElTable>
at <EmployeeVouchers>
at <BaseTransition>
at <Transition>
at <RouterView>
at <ElMain>
at <ElContainer>
at <ElContainer>
at <Layout>
at <RouterView>
at <App> [Object, Object, Object, Object, Object, Object, Object, Object, Object, Object, Object, Object, Object, Object, Object]
[2026-05-18T08:01:57.473Z] [warning] Invalid prop: custom validator check failed for prop "type". Proxy(Object) at <ElTag>
at <TableTdWrapper>
at <ElTableBody>
at <ElScrollbar>
at <ElTable>
at <EmployeeVouchers>
at <BaseTransition>
at <Transition>
at <RouterView>
at <ElMain>
at <ElContainer>
at <ElContainer>
at <Layout>
at <RouterView>
at <App> [Object, Object, Object, Object, Object, Object, Object, Object, Object, Object, Object, Object, Object, Object, Object]
[2026-05-18T08:01:57.479Z] [warning] Invalid prop: validation failed for prop "type". Expected one of ["primary", "success", "info", "warning", "danger"], got value "". Proxy(Object) at <ElTag>
at <TableTdWrapper>
at <ElTableBody>
at <ElScrollbar>
at <ElTable>
at <EmployeeVouchers>
at <BaseTransition>
at <Transition>
at <RouterView>
at <ElMain>
at <ElContainer>
at <ElContainer>
at <Layout>
at <RouterView>
at <App> [Object, Object, Object, Object, Object, Object, Object, Object, Object, Object, Object, Object, Object, Object, Object]
[2026-05-18T08:01:57.479Z] [warning] Invalid prop: custom validator check failed for prop "type". Proxy(Object) at <ElTag>
at <TableTdWrapper>
at <ElTableBody>
at <ElScrollbar>
at <ElTable>
at <EmployeeVouchers>
at <BaseTransition>
at <Transition>
at <RouterView>
at <ElMain>
at <ElContainer>
at <ElContainer>
at <Layout>
at <RouterView>
at <App> [Object, Object, Object, Object, Object, Object, Object, Object, Object, Object, Object, Object, Object, Object, Object]
[2026-05-18T08:01:57.479Z] [warning] Invalid prop: validation failed for prop "type". Expected one of ["primary", "success", "info", "warning", "danger"], got value "". Proxy(Object) at <ElTag>
at <TableTdWrapper>
at <ElTableBody>
at <ElScrollbar>
at <ElTable>
at <EmployeeVouchers>
at <BaseTransition>
at <Transition>
at <RouterView>
at <ElMain>
at <ElContainer>
at <ElContainer>
at <Layout>
at <RouterView>
at <App> [Object, Object, Object, Object, Object, Object, Object, Object, Object, Object, Object, Object, Object, Object, Object]
[2026-05-18T08:01:57.479Z] [warning] Invalid prop: custom validator check failed for prop "type". Proxy(Object) at <ElTag>
at <TableTdWrapper>
at <ElTableBody>
at <ElScrollbar>
at <ElTable>
at <EmployeeVouchers>
at <BaseTransition>
at <Transition>
at <RouterView>
at <ElMain>
at <ElContainer>
at <ElContainer>
at <Layout>
at <RouterView>
at <App> [Object, Object, Object, Object, Object, Object, Object, Object, Object, Object, Object, Object, Object, Object, Object]
[2026-05-18T08:01:57.480Z] [warning] Invalid prop: validation failed for prop "type". Expected one of ["primary", "success", "info", "warning", "danger"], got value "". Proxy(Object) at <ElTag>
at <TableTdWrapper>
at <ElTableBody>
at <ElScrollbar>
at <ElTable>
at <EmployeeVouchers>
at <BaseTransition>
at <Transition>
at <RouterView>
at <ElMain>
at <ElContainer>
at <ElContainer>
at <Layout>
at <RouterView>
at <App> [Object, Object, Object, Object, Object, Object, Object, Object, Object, Object, Object, Object, Object, Object, Object]
[2026-05-18T08:01:57.480Z] [warning] Invalid prop: custom validator check failed for prop "type". Proxy(Object) at <ElTag>
at <TableTdWrapper>
at <ElTableBody>
at <ElScrollbar>
at <ElTable>
at <EmployeeVouchers>
at <BaseTransition>
at <Transition>
at <RouterView>
at <ElMain>
at <ElContainer>
at <ElContainer>
at <Layout>
at <RouterView>
at <App> [Object, Object, Object, Object, Object, Object, Object, Object, Object, Object, Object, Object, Object, Object, Object]
[2026-05-18T08:01:57.482Z] [warning] Invalid prop: validation failed for prop "type". Expected one of ["primary", "success", "info", "warning", "danger"], got value "". Proxy(Object) at <ElTag>
at <TableTdWrapper>
at <ElTableBody>
at <ElScrollbar>
at <ElTable>
at <EmployeeVouchers>
at <BaseTransition>
at <Transition>
at <RouterView>
at <ElMain>
at <ElContainer>
at <ElContainer>
at <Layout>
at <RouterView>
at <App> [Object, Object, Object, Object, Object, Object, Object, Object, Object, Object, Object, Object, Object, Object, Object]
[2026-05-18T08:01:57.482Z] [warning] Invalid prop: custom validator check failed for prop "type". Proxy(Object) at <ElTag>
at <TableTdWrapper>
at <ElTableBody>
at <ElScrollbar>
at <ElTable>
at <EmployeeVouchers>
at <BaseTransition>
at <Transition>
at <RouterView>
at <ElMain>
at <ElContainer>
at <ElContainer>
at <Layout>
at <RouterView>
at <App> [Object, Object, Object, Object, Object, Object, Object, Object, Object, Object, Object, Object, Object, Object, Object]
[2026-05-18T08:01:57.482Z] [warning] Invalid prop: validation failed for prop "type". Expected one of ["primary", "success", "info", "warning", "danger"], got value "". Proxy(Object) at <ElTag>
at <TableTdWrapper>
at <ElTableBody>
at <ElScrollbar>
at <ElTable>
at <EmployeeVouchers>
at <BaseTransition>
at <Transition>
at <RouterView>
at <ElMain>
at <ElContainer>
at <ElContainer>
at <Layout>
at <RouterView>
at <App> [Object, Object, Object, Object, Object, Object, Object, Object, Object, Object, Object, Object, Object, Object, Object]
[2026-05-18T08:01:57.482Z] [warning] Invalid prop: custom validator check failed for prop "type". Proxy(Object) at <ElTag>
at <TableTdWrapper>
at <ElTableBody>
at <ElScrollbar>
at <ElTable>
at <EmployeeVouchers>
at <BaseTransition>
at <Transition>
at <RouterView>
at <ElMain>
at <ElContainer>
at <ElContainer>
at <Layout>
at <RouterView>
at <App> [Object, Object, Object, Object, Object, Object, Object, Object, Object, Object, Object, Object, Object, Object, Object]
[2026-05-18T08:01:57.482Z] [warning] Invalid prop: validation failed for prop "type". Expected one of ["primary", "success", "info", "warning", "danger"], got value "". Proxy(Object) at <ElTag>
at <TableTdWrapper>
at <ElTableBody>
at <ElScrollbar>
at <ElTable>
at <EmployeeVouchers>
at <BaseTransition>
at <Transition>
at <RouterView>
at <ElMain>
at <ElContainer>
at <ElContainer>
at <Layout>
at <RouterView>
at <App> [Object, Object, Object, Object, Object, Object, Object, Object, Object, Object, Object, Object, Object, Object, Object]
[2026-05-18T08:01:57.483Z] [warning] Invalid prop: custom validator check failed for prop "type". Proxy(Object) at <ElTag>
at <TableTdWrapper>
at <ElTableBody>
at <ElScrollbar>
at <ElTable>
at <EmployeeVouchers>
at <BaseTransition>
at <Transition>
at <RouterView>
at <ElMain>
at <ElContainer>
at <ElContainer>
at <Layout>
at <RouterView>
at <App> [Object, Object, Object, Object, Object, Object, Object, Object, Object, Object, Object, Object, Object, Object, Object]
[2026-05-18T08:01:57.488Z] [warning] Invalid prop: validation failed for prop "type". Expected one of ["primary", "success", "info", "warning", "danger"], got value "". Proxy(Object) at <ElTag>
at <TableTdWrapper>
at <ElTableBody>
at <ElScrollbar>
at <ElTable>
at <EmployeeVouchers>
at <BaseTransition>
at <Transition>
at <RouterView>
at <ElMain>
at <ElContainer>
at <ElContainer>
at <Layout>
at <RouterView>
at <App> [Object, Object, Object, Object, Object, Object, Object, Object, Object, Object, Object, Object, Object, Object, Object]
[2026-05-18T08:01:57.488Z] [warning] Invalid prop: custom validator check failed for prop "type". Proxy(Object) at <ElTag>
at <TableTdWrapper>
at <ElTableBody>
at <ElScrollbar>
at <ElTable>
at <EmployeeVouchers>
at <BaseTransition>
at <Transition>
at <RouterView>
at <ElMain>
at <ElContainer>
at <ElContainer>
at <Layout>
at <RouterView>
at <App> [Object, Object, Object, Object, Object, Object, Object, Object, Object, Object, Object, Object, Object, Object, Object]
[2026-05-18T08:01:57.488Z] [warning] Invalid prop: validation failed for prop "type". Expected one of ["primary", "success", "info", "warning", "danger"], got value "". Proxy(Object) at <ElTag>
at <TableTdWrapper>
at <ElTableBody>
at <ElScrollbar>
at <ElTable>
at <EmployeeVouchers>
at <BaseTransition>
at <Transition>
at <RouterView>
at <ElMain>
at <ElContainer>
at <ElContainer>
at <Layout>
at <RouterView>
at <App> [Object, Object, Object, Object, Object, Object, Object, Object, Object, Object, Object, Object, Object, Object, Object]
[2026-05-18T08:01:57.488Z] [warning] Invalid prop: custom validator check failed for prop "type". Proxy(Object) at <ElTag>
at <TableTdWrapper>
at <ElTableBody>
at <ElScrollbar>
at <ElTable>
at <EmployeeVouchers>
at <BaseTransition>
at <Transition>
at <RouterView>
at <ElMain>
at <ElContainer>
at <ElContainer>
at <Layout>
at <RouterView>
at <App> [Object, Object, Object, Object, Object, Object, Object, Object, Object, Object, Object, Object, Object, Object, Object]
[2026-05-18T08:01:57.489Z] [warning] Invalid prop: validation failed for prop "type". Expected one of ["primary", "success", "info", "warning", "danger"], got value "". Proxy(Object) at <ElTag>
at <TableTdWrapper>
at <ElTableBody>
at <ElScrollbar>
at <ElTable>
at <EmployeeVouchers>
at <BaseTransition>
at <Transition>
at <RouterView>
at <ElMain>
at <ElContainer>
at <ElContainer>
at <Layout>
at <RouterView>
at <App> [Object, Object, Object, Object, Object, Object, Object, Object, Object, Object, Object, Object, Object, Object, Object]
[2026-05-18T08:01:57.489Z] [warning] Invalid prop: custom validator check failed for prop "type". Proxy(Object) at <ElTag>
at <TableTdWrapper>
at <ElTableBody>
at <ElScrollbar>
at <ElTable>
at <EmployeeVouchers>
at <BaseTransition>
at <Transition>
at <RouterView>
at <ElMain>
at <ElContainer>
at <ElContainer>
at <Layout>
at <RouterView>
at <App> [Object, Object, Object, Object, Object, Object, Object, Object, Object, Object, Object, Object, Object, Object, Object]
[2026-05-18T08:01:57.490Z] [warning] Invalid prop: validation failed for prop "type". Expected one of ["primary", "success", "info", "warning", "danger"], got value "". Proxy(Object) at <ElTag>
at <TableTdWrapper>
at <ElTableBody>
at <ElScrollbar>
at <ElTable>
at <EmployeeVouchers>
at <BaseTransition>
at <Transition>
at <RouterView>
at <ElMain>
at <ElContainer>
at <ElContainer>
at <Layout>
at <RouterView>
at <App> [Object, Object, Object, Object, Object, Object, Object, Object, Object, Object, Object, Object, Object, Object, Object]
[2026-05-18T08:01:57.490Z] [warning] Invalid prop: custom validator check failed for prop "type". Proxy(Object) at <ElTag>
at <TableTdWrapper>
at <ElTableBody>
at <ElScrollbar>
at <ElTable>
at <EmployeeVouchers>
at <BaseTransition>
at <Transition>
at <RouterView>
at <ElMain>
at <ElContainer>
at <ElContainer>
at <Layout>
at <RouterView>
at <App> [Object, Object, Object, Object, Object, Object, Object, Object, Object, Object, Object, Object, Object, Object, Object]
[2026-05-18T08:01:57.491Z] [warning] Invalid prop: validation failed for prop "type". Expected one of ["primary", "success", "info", "warning", "danger"], got value "". Proxy(Object) at <ElTag>
at <TableTdWrapper>
at <ElTableBody>
at <ElScrollbar>
at <ElTable>
at <EmployeeVouchers>
at <BaseTransition>
at <Transition>
at <RouterView>
at <ElMain>
at <ElContainer>
at <ElContainer>
at <Layout>
at <RouterView>
at <App> [Object, Object, Object, Object, Object, Object, Object, Object, Object, Object, Object, Object, Object, Object, Object]
[2026-05-18T08:01:57.492Z] [warning] Invalid prop: custom validator check failed for prop "type". Proxy(Object) at <ElTag>
at <TableTdWrapper>
at <ElTableBody>
at <ElScrollbar>
at <ElTable>
at <EmployeeVouchers>
at <BaseTransition>
at <Transition>
at <RouterView>
at <ElMain>
at <ElContainer>
at <ElContainer>
at <Layout>
at <RouterView>
at <App> [Object, Object, Object, Object, Object, Object, Object, Object, Object, Object, Object, Object, Object, Object, Object]
[2026-05-18T08:01:57.492Z] [warning] Invalid prop: validation failed for prop "type". Expected one of ["primary", "success", "info", "warning", "danger"], got value "". Proxy(Object) at <ElTag>
at <TableTdWrapper>
at <ElTableBody>
at <ElScrollbar>
at <ElTable>
at <EmployeeVouchers>
at <BaseTransition>
at <Transition>
at <RouterView>
at <ElMain>
at <ElContainer>
at <ElContainer>
at <Layout>
at <RouterView>
at <App> [Object, Object, Object, Object, Object, Object, Object, Object, Object, Object, Object, Object, Object, Object, Object]
[2026-05-18T08:01:57.492Z] [warning] Invalid prop: custom validator check failed for prop "type". Proxy(Object) at <ElTag>
at <TableTdWrapper>
at <ElTableBody>
at <ElScrollbar>
at <ElTable>
at <EmployeeVouchers>
at <BaseTransition>
at <Transition>
at <RouterView>
at <ElMain>
at <ElContainer>
at <ElContainer>
at <Layout>
at <RouterView>
at <App> [Object, Object, Object, Object, Object, Object, Object, Object, Object, Object, Object, Object, Object, Object, Object]
[2026-05-18T08:01:57.497Z] [warning] Invalid prop: validation failed for prop "type". Expected one of ["primary", "success", "info", "warning", "danger"], got value "". Proxy(Object) at <ElTag>
at <TableTdWrapper>
at <ElTableBody>
at <ElScrollbar>
at <ElTable>
at <EmployeeVouchers>
at <BaseTransition>
at <Transition>
at <RouterView>
at <ElMain>
at <ElContainer>
at <ElContainer>
at <Layout>
at <RouterView>
at <App> [Object, Object, Object, Object, Object, Object, Object, Object, Object, Object, Object, Object, Object, Object, Object]
[2026-05-18T08:01:57.497Z] [warning] Invalid prop: custom validator check failed for prop "type". Proxy(Object) at <ElTag>
at <TableTdWrapper>
at <ElTableBody>
at <ElScrollbar>
at <ElTable>
at <EmployeeVouchers>
at <BaseTransition>
at <Transition>
at <RouterView>
at <ElMain>
at <ElContainer>
at <ElContainer>
at <Layout>
at <RouterView>
at <App> [Object, Object, Object, Object, Object, Object, Object, Object, Object, Object, Object, Object, Object, Object, Object]
[2026-05-18T08:01:57.497Z] [warning] Invalid prop: validation failed for prop "type". Expected one of ["primary", "success", "info", "warning", "danger"], got value "". Proxy(Object) at <ElTag>
at <TableTdWrapper>
at <ElTableBody>
at <ElScrollbar>
at <ElTable>
at <EmployeeVouchers>
at <BaseTransition>
at <Transition>
at <RouterView>
at <ElMain>
at <ElContainer>
at <ElContainer>
at <Layout>
at <RouterView>
at <App> [Object, Object, Object, Object, Object, Object, Object, Object, Object, Object, Object, Object, Object, Object, Object]
[2026-05-18T08:01:57.497Z] [warning] Invalid prop: custom validator check failed for prop "type". Proxy(Object) at <ElTag>
at <TableTdWrapper>
at <ElTableBody>
at <ElScrollbar>
at <ElTable>
at <EmployeeVouchers>
at <BaseTransition>
at <Transition>
at <RouterView>
at <ElMain>
at <ElContainer>
at <ElContainer>
at <Layout>
at <RouterView>
at <App> [Object, Object, Object, Object, Object, Object, Object, Object, Object, Object, Object, Object, Object, Object, Object]
[2026-05-18T08:01:57.499Z] [warning] Invalid prop: validation failed for prop "type". Expected one of ["primary", "success", "info", "warning", "danger"], got value "". Proxy(Object) at <ElTag>
at <TableTdWrapper>
at <ElTableBody>
at <ElScrollbar>
at <ElTable>
at <EmployeeVouchers>
at <BaseTransition>
at <Transition>
at <RouterView>
at <ElMain>
at <ElContainer>
at <ElContainer>
at <Layout>
at <RouterView>
at <App> [Object, Object, Object, Object, Object, Object, Object, Object, Object, Object, Object, Object, Object, Object, Object]
[2026-05-18T08:01:57.499Z] [warning] Invalid prop: custom validator check failed for prop "type". Proxy(Object) at <ElTag>
at <TableTdWrapper>
at <ElTableBody>
at <ElScrollbar>
at <ElTable>
at <EmployeeVouchers>
at <BaseTransition>
at <Transition>
at <RouterView>
at <ElMain>
at <ElContainer>
at <ElContainer>
at <Layout>
at <RouterView>
at <App> [Object, Object, Object, Object, Object, Object, Object, Object, Object, Object, Object, Object, Object, Object, Object]
[2026-05-18T08:01:57.500Z] [warning] Invalid prop: validation failed for prop "type". Expected one of ["primary", "success", "info", "warning", "danger"], got value "". Proxy(Object) at <ElTag>
at <TableTdWrapper>
at <ElTableBody>
at <ElScrollbar>
at <ElTable>
at <EmployeeVouchers>
at <BaseTransition>
at <Transition>
at <RouterView>
at <ElMain>
at <ElContainer>
at <ElContainer>
at <Layout>
at <RouterView>
at <App> [Object, Object, Object, Object, Object, Object, Object, Object, Object, Object, Object, Object, Object, Object, Object]
[2026-05-18T08:01:57.500Z] [warning] Invalid prop: custom validator check failed for prop "type". Proxy(Object) at <ElTag>
at <TableTdWrapper>
at <ElTableBody>
at <ElScrollbar>
at <ElTable>
at <EmployeeVouchers>
at <BaseTransition>
at <Transition>
at <RouterView>
at <ElMain>
at <ElContainer>
at <ElContainer>
at <Layout>
at <RouterView>
at <App> [Object, Object, Object, Object, Object, Object, Object, Object, Object, Object, Object, Object, Object, Object, Object]
[2026-05-18T08:01:57.500Z] [warning] Invalid prop: validation failed for prop "type". Expected one of ["primary", "success", "info", "warning", "danger"], got value "". Proxy(Object) at <ElTag>
at <TableTdWrapper>
at <ElTableBody>
at <ElScrollbar>
at <ElTable>
at <EmployeeVouchers>
at <BaseTransition>
at <Transition>
at <RouterView>
at <ElMain>
at <ElContainer>
at <ElContainer>
at <Layout>
at <RouterView>
at <App> [Object, Object, Object, Object, Object, Object, Object, Object, Object, Object, Object, Object, Object, Object, Object]
[2026-05-18T08:01:57.501Z] [warning] Invalid prop: custom validator check failed for prop "type". Proxy(Object) at <ElTag>
at <TableTdWrapper>
at <ElTableBody>
at <ElScrollbar>
at <ElTable>
at <EmployeeVouchers>
at <BaseTransition>
at <Transition>
at <RouterView>
at <ElMain>
at <ElContainer>
at <ElContainer>
at <Layout>
at <RouterView>
at <App> [Object, Object, Object, Object, Object, Object, Object, Object, Object, Object, Object, Object, Object, Object, Object]
[2026-05-18T08:01:57.503Z] [warning] Invalid prop: validation failed for prop "type". Expected one of ["primary", "success", "info", "warning", "danger"], got value "". Proxy(Object) at <ElTag>
at <TableTdWrapper>
at <ElTableBody>
at <ElScrollbar>
at <ElTable>
at <EmployeeVouchers>
at <BaseTransition>
at <Transition>
at <RouterView>
at <ElMain>
at <ElContainer>
at <ElContainer>
at <Layout>
at <RouterView>
at <App> [Object, Object, Object, Object, Object, Object, Object, Object, Object, Object, Object, Object, Object, Object, Object]
[2026-05-18T08:01:57.503Z] [warning] Invalid prop: custom validator check failed for prop "type". Proxy(Object) at <ElTag>
at <TableTdWrapper>
at <ElTableBody>
at <ElScrollbar>
at <ElTable>
at <EmployeeVouchers>
at <BaseTransition>
at <Transition>
at <RouterView>
at <ElMain>
at <ElContainer>
at <ElContainer>
at <Layout>
at <RouterView>
at <App> [Object, Object, Object, Object, Object, Object, Object, Object, Object, Object, Object, Object, Object, Object, Object]
[2026-05-18T08:01:57.605Z] [debug] [vite] connected.
[2026-05-18T08:06:48.055Z] [debug] [vite] connecting...
[2026-05-18T08:06:48.135Z] [warning] ElementPlusError: [el-pagination] [API] small is about to be deprecated in version 3.0.0, please use size instead.
For more detail, please visit: https://element-plus.org/zh-CN/component/pagination.html

    at debugWarn (http://localhost:5177/node_modules/.vite/deps/element-plus.js?v=dad2b4ee:9085:37)
    at watch.immediate (http://localhost:5177/node_modules/.vite/deps/element-plus.js?v=dad2b4ee:10179:14)
    at callWithErrorHandling (http://localhost:5177/node_modules/.vite/deps/chunk-UC4PQXLF.js?v=2adafd80:2372:19)
    at callWithAsyncErrorHandling (http://localhost:5177/node_modules/.vite/deps/chunk-UC4PQXLF.js?v=2adafd80:2379:17)
    at baseWatchOptions.call (http://localhost:5177/node_modules/.vite/deps/chunk-UC4PQXLF.js?v=2adafd80:3064:47)
    at job (http://localhost:5177/node_modules/.vite/deps/chunk-UC4PQXLF.js?v=2adafd80:2102:18)
    at watch (http://localhost:5177/node_modules/.vite/deps/chunk-UC4PQXLF.js?v=2adafd80:2137:7)
    at doWatch (http://localhost:5177/node_modules/.vite/deps/chunk-UC4PQXLF.js?v=2adafd80:3092:23)
    at watch2 (http://localhost:5177/node_modules/.vite/deps/chunk-UC4PQXLF.js?v=2adafd80:3025:10)
    at useDeprecated (http://localhost:5177/node_modules/.vite/deps/element-plus.js?v=dad2b4ee:10178:3)
[2026-05-18T08:06:48.139Z] [warning] Invalid prop: validation failed for prop "type". Expected one of ["primary", "success", "info", "warning", "danger"], got value "". null at <ElTag>
at <TableTdWrapper>
at <ElTableBody>
at <ElScrollbar>
at <ElTable>
at <EmployeeVouchers>
at <BaseTransition>
at <Transition>
at <RouterView>
at <ElMain>
at <ElContainer>
at <ElContainer>
at <Layout>
at <RouterView>
at <App> [Object, Object, Object, Object, Object, Object, Object, Object, Object, Object, Object, Object, Object, Object, Object]
[2026-05-18T08:06:48.139Z] [warning] Invalid prop: custom validator check failed for prop "type". null at <ElTag>
at <TableTdWrapper>
at <ElTableBody>
at <ElScrollbar>
at <ElTable>
at <EmployeeVouchers>
at <BaseTransition>
at <Transition>
at <RouterView>
at <ElMain>
at <ElContainer>
at <ElContainer>
at <Layout>
at <RouterView>
at <App> [Object, Object, Object, Object, Object, Object, Object, Object, Object, Object, Object, Object, Object, Object, Object]
[2026-05-18T08:06:48.140Z] [warning] Invalid prop: validation failed for prop "type". Expected one of ["primary", "success", "info", "warning", "danger"], got value "". null at <ElTag>
at <TableTdWrapper>
at <ElTableBody>
at <ElScrollbar>
at <ElTable>
at <EmployeeVouchers>
at <BaseTransition>
at <Transition>
at <RouterView>
at <ElMain>
at <ElContainer>
at <ElContainer>
at <Layout>
at <RouterView>
at <App> [Object, Object, Object, Object, Object, Object, Object, Object, Object, Object, Object, Object, Object, Object, Object]
[2026-05-18T08:06:48.140Z] [warning] Invalid prop: custom validator check failed for prop "type". null at <ElTag>
at <TableTdWrapper>
at <ElTableBody>
at <ElScrollbar>
at <ElTable>
at <EmployeeVouchers>
at <BaseTransition>
at <Transition>
at <RouterView>
at <ElMain>
at <ElContainer>
at <ElContainer>
at <Layout>
at <RouterView>
at <App> [Object, Object, Object, Object, Object, Object, Object, Object, Object, Object, Object, Object, Object, Object, Object]
[2026-05-18T08:06:48.140Z] [warning] Invalid prop: validation failed for prop "type". Expected one of ["primary", "success", "info", "warning", "danger"], got value "". null at <ElTag>
at <TableTdWrapper>
at <ElTableBody>
at <ElScrollbar>
at <ElTable>
at <EmployeeVouchers>
at <BaseTransition>
at <Transition>
at <RouterView>
at <ElMain>
at <ElContainer>
at <ElContainer>
at <Layout>
at <RouterView>
at <App> [Object, Object, Object, Object, Object, Object, Object, Object, Object, Object, Object, Object, Object, Object, Object]
[2026-05-18T08:06:48.140Z] [warning] Invalid prop: custom validator check failed for prop "type". null at <ElTag>
at <TableTdWrapper>
at <ElTableBody>
at <ElScrollbar>
at <ElTable>
at <EmployeeVouchers>
at <BaseTransition>
at <Transition>
at <RouterView>
at <ElMain>
at <ElContainer>
at <ElContainer>
at <Layout>
at <RouterView>
at <App> [Object, Object, Object, Object, Object, Object, Object, Object, Object, Object, Object, Object, Object, Object, Object]
[2026-05-18T08:06:48.141Z] [warning] Invalid prop: validation failed for prop "type". Expected one of ["primary", "success", "info", "warning", "danger"], got value "". null at <ElTag>
at <TableTdWrapper>
at <ElTableBody>
at <ElScrollbar>
at <ElTable>
at <EmployeeVouchers>
at <BaseTransition>
at <Transition>
at <RouterView>
at <ElMain>
at <ElContainer>
at <ElContainer>
at <Layout>
at <RouterView>
at <App> [Object, Object, Object, Object, Object, Object, Object, Object, Object, Object, Object, Object, Object, Object, Object]
[2026-05-18T08:06:48.141Z] [warning] Invalid prop: custom validator check failed for prop "type". null at <ElTag>
at <TableTdWrapper>
at <ElTableBody>
at <ElScrollbar>
at <ElTable>
at <EmployeeVouchers>
at <BaseTransition>
at <Transition>
at <RouterView>
at <ElMain>
at <ElContainer>
at <ElContainer>
at <Layout>
at <RouterView>
at <App> [Object, Object, Object, Object, Object, Object, Object, Object, Object, Object, Object, Object, Object, Object, Object]
[2026-05-18T08:06:48.141Z] [warning] Invalid prop: validation failed for prop "type". Expected one of ["primary", "success", "info", "warning", "danger"], got value "". null at <ElTag>
at <TableTdWrapper>
at <ElTableBody>
at <ElScrollbar>
at <ElTable>
at <EmployeeVouchers>
at <BaseTransition>
at <Transition>
at <RouterView>
at <ElMain>
at <ElContainer>
at <ElContainer>
at <Layout>
at <RouterView>
at <App> [Object, Object, Object, Object, Object, Object, Object, Object, Object, Object, Object, Object, Object, Object, Object]
[2026-05-18T08:06:48.141Z] [warning] Invalid prop: custom validator check failed for prop "type". null at <ElTag>
at <TableTdWrapper>
at <ElTableBody>
at <ElScrollbar>
at <ElTable>
at <EmployeeVouchers>
at <BaseTransition>
at <Transition>
at <RouterView>
at <ElMain>
at <ElContainer>
at <ElContainer>
at <Layout>
at <RouterView>
at <App> [Object, Object, Object, Object, Object, Object, Object, Object, Object, Object, Object, Object, Object, Object, Object]
[2026-05-18T08:06:48.142Z] [warning] Invalid prop: validation failed for prop "type". Expected one of ["primary", "success", "info", "warning", "danger"], got value "". null at <ElTag>
at <TableTdWrapper>
at <ElTableBody>
at <ElScrollbar>
at <ElTable>
at <EmployeeVouchers>
at <BaseTransition>
at <Transition>
at <RouterView>
at <ElMain>
at <ElContainer>
at <ElContainer>
at <Layout>
at <RouterView>
at <App> [Object, Object, Object, Object, Object, Object, Object, Object, Object, Object, Object, Object, Object, Object, Object]
[2026-05-18T08:06:48.142Z] [warning] Invalid prop: custom validator check failed for prop "type". null at <ElTag>
at <TableTdWrapper>
at <ElTableBody>
at <ElScrollbar>
at <ElTable>
at <EmployeeVouchers>
at <BaseTransition>
at <Transition>
at <RouterView>
at <ElMain>
at <ElContainer>
at <ElContainer>
at <Layout>
at <RouterView>
at <App> [Object, Object, Object, Object, Object, Object, Object, Object, Object, Object, Object, Object, Object, Object, Object]
[2026-05-18T08:06:48.148Z] [warning] Invalid prop: validation failed for prop "type". Expected one of ["primary", "success", "info", "warning", "danger"], got value "". Proxy(Object) at <ElTag>
at <TableTdWrapper>
at <ElTableBody>
at <ElScrollbar>
at <ElTable>
at <EmployeeVouchers>
at <BaseTransition>
at <Transition>
at <RouterView>
at <ElMain>
at <ElContainer>
at <ElContainer>
at <Layout>
at <RouterView>
at <App> [Object, Object, Object, Object, Object, Object, Object, Object, Object, Object, Object, Object, Object, Object, Object]
[2026-05-18T08:06:48.148Z] [warning] Invalid prop: custom validator check failed for prop "type". Proxy(Object) at <ElTag>
at <TableTdWrapper>
at <ElTableBody>
at <ElScrollbar>
at <ElTable>
at <EmployeeVouchers>
at <BaseTransition>
at <Transition>
at <RouterView>
at <ElMain>
at <ElContainer>
at <ElContainer>
at <Layout>
at <RouterView>
at <App> [Object, Object, Object, Object, Object, Object, Object, Object, Object, Object, Object, Object, Object, Object, Object]
[2026-05-18T08:06:48.148Z] [warning] Invalid prop: validation failed for prop "type". Expected one of ["primary", "success", "info", "warning", "danger"], got value "". Proxy(Object) at <ElTag>
at <TableTdWrapper>
at <ElTableBody>
at <ElScrollbar>
at <ElTable>
at <EmployeeVouchers>
at <BaseTransition>
at <Transition>
at <RouterView>
at <ElMain>
at <ElContainer>
at <ElContainer>
at <Layout>
at <RouterView>
at <App> [Object, Object, Object, Object, Object, Object, Object, Object, Object, Object, Object, Object, Object, Object, Object]
[2026-05-18T08:06:48.148Z] [warning] Invalid prop: custom validator check failed for prop "type". Proxy(Object) at <ElTag>
at <TableTdWrapper>
at <ElTableBody>
at <ElScrollbar>
at <ElTable>
at <EmployeeVouchers>
at <BaseTransition>
at <Transition>
at <RouterView>
at <ElMain>
at <ElContainer>
at <ElContainer>
at <Layout>
at <RouterView>
at <App> [Object, Object, Object, Object, Object, Object, Object, Object, Object, Object, Object, Object, Object, Object, Object]
[2026-05-18T08:06:48.149Z] [warning] Invalid prop: validation failed for prop "type". Expected one of ["primary", "success", "info", "warning", "danger"], got value "". Proxy(Object) at <ElTag>
at <TableTdWrapper>
at <ElTableBody>
at <ElScrollbar>
at <ElTable>
at <EmployeeVouchers>
at <BaseTransition>
at <Transition>
at <RouterView>
at <ElMain>
at <ElContainer>
at <ElContainer>
at <Layout>
at <RouterView>
at <App> [Object, Object, Object, Object, Object, Object, Object, Object, Object, Object, Object, Object, Object, Object, Object]
[2026-05-18T08:06:48.149Z] [warning] Invalid prop: custom validator check failed for prop "type". Proxy(Object) at <ElTag>
at <TableTdWrapper>
at <ElTableBody>
at <ElScrollbar>
at <ElTable>
at <EmployeeVouchers>
at <BaseTransition>
at <Transition>
at <RouterView>
at <ElMain>
at <ElContainer>
at <ElContainer>
at <Layout>
at <RouterView>
at <App> [Object, Object, Object, Object, Object, Object, Object, Object, Object, Object, Object, Object, Object, Object, Object]
[2026-05-18T08:06:48.149Z] [warning] Invalid prop: validation failed for prop "type". Expected one of ["primary", "success", "info", "warning", "danger"], got value "". Proxy(Object) at <ElTag>
at <TableTdWrapper>
at <ElTableBody>
at <ElScrollbar>
at <ElTable>
at <EmployeeVouchers>
at <BaseTransition>
at <Transition>
at <RouterView>
at <ElMain>
at <ElContainer>
at <ElContainer>
at <Layout>
at <RouterView>
at <App> [Object, Object, Object, Object, Object, Object, Object, Object, Object, Object, Object, Object, Object, Object, Object]
[2026-05-18T08:06:48.149Z] [warning] Invalid prop: custom validator check failed for prop "type". Proxy(Object) at <ElTag>
at <TableTdWrapper>
at <ElTableBody>
at <ElScrollbar>
at <ElTable>
at <EmployeeVouchers>
at <BaseTransition>
at <Transition>
at <RouterView>
at <ElMain>
at <ElContainer>
at <ElContainer>
at <Layout>
at <RouterView>
at <App> [Object, Object, Object, Object, Object, Object, Object, Object, Object, Object, Object, Object, Object, Object, Object]
[2026-05-18T08:06:48.150Z] [warning] Invalid prop: validation failed for prop "type". Expected one of ["primary", "success", "info", "warning", "danger"], got value "". Proxy(Object) at <ElTag>
at <TableTdWrapper>
at <ElTableBody>
at <ElScrollbar>
at <ElTable>
at <EmployeeVouchers>
at <BaseTransition>
at <Transition>
at <RouterView>
at <ElMain>
at <ElContainer>
at <ElContainer>
at <Layout>
at <RouterView>
at <App> [Object, Object, Object, Object, Object, Object, Object, Object, Object, Object, Object, Object, Object, Object, Object]
[2026-05-18T08:06:48.150Z] [warning] Invalid prop: custom validator check failed for prop "type". Proxy(Object) at <ElTag>
at <TableTdWrapper>
at <ElTableBody>
at <ElScrollbar>
at <ElTable>
at <EmployeeVouchers>
at <BaseTransition>
at <Transition>
at <RouterView>
at <ElMain>
at <ElContainer>
at <ElContainer>
at <Layout>
at <RouterView>
at <App> [Object, Object, Object, Object, Object, Object, Object, Object, Object, Object, Object, Object, Object, Object, Object]
[2026-05-18T08:06:48.150Z] [warning] Invalid prop: validation failed for prop "type". Expected one of ["primary", "success", "info", "warning", "danger"], got value "". Proxy(Object) at <ElTag>
at <TableTdWrapper>
at <ElTableBody>
at <ElScrollbar>
at <ElTable>
at <EmployeeVouchers>
at <BaseTransition>
at <Transition>
at <RouterView>
at <ElMain>
at <ElContainer>
at <ElContainer>
at <Layout>
at <RouterView>
at <App> [Object, Object, Object, Object, Object, Object, Object, Object, Object, Object, Object, Object, Object, Object, Object]
[2026-05-18T08:06:48.150Z] [warning] Invalid prop: custom validator check failed for prop "type". Proxy(Object) at <ElTag>
at <TableTdWrapper>
at <ElTableBody>
at <ElScrollbar>
at <ElTable>
at <EmployeeVouchers>
at <BaseTransition>
at <Transition>
at <RouterView>
at <ElMain>
at <ElContainer>
at <ElContainer>
at <Layout>
at <RouterView>
at <App> [Object, Object, Object, Object, Object, Object, Object, Object, Object, Object, Object, Object, Object, Object, Object]
[2026-05-18T08:06:48.155Z] [warning] Invalid prop: validation failed for prop "type". Expected one of ["primary", "success", "info", "warning", "danger"], got value "". Proxy(Object) at <ElTag>
at <TableTdWrapper>
at <ElTableBody>
at <ElScrollbar>
at <ElTable>
at <EmployeeVouchers>
at <BaseTransition>
at <Transition>
at <RouterView>
at <ElMain>
at <ElContainer>
at <ElContainer>
at <Layout>
at <RouterView>
at <App> [Object, Object, Object, Object, Object, Object, Object, Object, Object, Object, Object, Object, Object, Object, Object]
[2026-05-18T08:06:48.155Z] [warning] Invalid prop: custom validator check failed for prop "type". Proxy(Object) at <ElTag>
at <TableTdWrapper>
at <ElTableBody>
at <ElScrollbar>
at <ElTable>
at <EmployeeVouchers>
at <BaseTransition>
at <Transition>
at <RouterView>
at <ElMain>
at <ElContainer>
at <ElContainer>
at <Layout>
at <RouterView>
at <App> [Object, Object, Object, Object, Object, Object, Object, Object, Object, Object, Object, Object, Object, Object, Object]
[2026-05-18T08:06:48.155Z] [warning] Invalid prop: validation failed for prop "type". Expected one of ["primary", "success", "info", "warning", "danger"], got value "". Proxy(Object) at <ElTag>
at <TableTdWrapper>
at <ElTableBody>
at <ElScrollbar>
at <ElTable>
at <EmployeeVouchers>
at <BaseTransition>
at <Transition>
at <RouterView>
at <ElMain>
at <ElContainer>
at <ElContainer>
at <Layout>
at <RouterView>
at <App> [Object, Object, Object, Object, Object, Object, Object, Object, Object, Object, Object, Object, Object, Object, Object]
[2026-05-18T08:06:48.156Z] [warning] Invalid prop: custom validator check failed for prop "type". Proxy(Object) at <ElTag>
at <TableTdWrapper>
at <ElTableBody>
at <ElScrollbar>
at <ElTable>
at <EmployeeVouchers>
at <BaseTransition>
at <Transition>
at <RouterView>
at <ElMain>
at <ElContainer>
at <ElContainer>
at <Layout>
at <RouterView>
at <App> [Object, Object, Object, Object, Object, Object, Object, Object, Object, Object, Object, Object, Object, Object, Object]
[2026-05-18T08:06:48.157Z] [warning] Invalid prop: validation failed for prop "type". Expected one of ["primary", "success", "info", "warning", "danger"], got value "". Proxy(Object) at <ElTag>
at <TableTdWrapper>
at <ElTableBody>
at <ElScrollbar>
at <ElTable>
at <EmployeeVouchers>
at <BaseTransition>
at <Transition>
at <RouterView>
at <ElMain>
at <ElContainer>
at <ElContainer>
at <Layout>
at <RouterView>
at <App> [Object, Object, Object, Object, Object, Object, Object, Object, Object, Object, Object, Object, Object, Object, Object]
[2026-05-18T08:06:48.158Z] [warning] Invalid prop: custom validator check failed for prop "type". Proxy(Object) at <ElTag>
at <TableTdWrapper>
at <ElTableBody>
at <ElScrollbar>
at <ElTable>
at <EmployeeVouchers>
at <BaseTransition>
at <Transition>
at <RouterView>
at <ElMain>
at <ElContainer>
at <ElContainer>
at <Layout>
at <RouterView>
at <App> [Object, Object, Object, Object, Object, Object, Object, Object, Object, Object, Object, Object, Object, Object, Object]
[2026-05-18T08:06:48.158Z] [warning] Invalid prop: validation failed for prop "type". Expected one of ["primary", "success", "info", "warning", "danger"], got value "". Proxy(Object) at <ElTag>
at <TableTdWrapper>
at <ElTableBody>
at <ElScrollbar>
at <ElTable>
at <EmployeeVouchers>
at <BaseTransition>
at <Transition>
at <RouterView>
at <ElMain>
at <ElContainer>
at <ElContainer>
at <Layout>
at <RouterView>
at <App> [Object, Object, Object, Object, Object, Object, Object, Object, Object, Object, Object, Object, Object, Object, Object]
[2026-05-18T08:06:48.158Z] [warning] Invalid prop: custom validator check failed for prop "type". Proxy(Object) at <ElTag>
at <TableTdWrapper>
at <ElTableBody>
at <ElScrollbar>
at <ElTable>
at <EmployeeVouchers>
at <BaseTransition>
at <Transition>
at <RouterView>
at <ElMain>
at <ElContainer>
at <ElContainer>
at <Layout>
at <RouterView>
at <App> [Object, Object, Object, Object, Object, Object, Object, Object, Object, Object, Object, Object, Object, Object, Object]
[2026-05-18T08:06:48.159Z] [warning] Invalid prop: validation failed for prop "type". Expected one of ["primary", "success", "info", "warning", "danger"], got value "". Proxy(Object) at <ElTag>
at <TableTdWrapper>
at <ElTableBody>
at <ElScrollbar>
at <ElTable>
at <EmployeeVouchers>
at <BaseTransition>
at <Transition>
at <RouterView>
at <ElMain>
at <ElContainer>
at <ElContainer>
at <Layout>
at <RouterView>
at <App> [Object, Object, Object, Object, Object, Object, Object, Object, Object, Object, Object, Object, Object, Object, Object]
[2026-05-18T08:06:48.159Z] [warning] Invalid prop: custom validator check failed for prop "type". Proxy(Object) at <ElTag>
at <TableTdWrapper>
at <ElTableBody>
at <ElScrollbar>
at <ElTable>
at <EmployeeVouchers>
at <BaseTransition>
at <Transition>
at <RouterView>
at <ElMain>
at <ElContainer>
at <ElContainer>
at <Layout>
at <RouterView>
at <App> [Object, Object, Object, Object, Object, Object, Object, Object, Object, Object, Object, Object, Object, Object, Object]
[2026-05-18T08:06:48.159Z] [warning] Invalid prop: validation failed for prop "type". Expected one of ["primary", "success", "info", "warning", "danger"], got value "". Proxy(Object) at <ElTag>
at <TableTdWrapper>
at <ElTableBody>
at <ElScrollbar>
at <ElTable>
at <EmployeeVouchers>
at <BaseTransition>
at <Transition>
at <RouterView>
at <ElMain>
at <ElContainer>
at <ElContainer>
at <Layout>
at <RouterView>
at <App> [Object, Object, Object, Object, Object, Object, Object, Object, Object, Object, Object, Object, Object, Object, Object]
[2026-05-18T08:06:48.159Z] [warning] Invalid prop: custom validator check failed for prop "type". Proxy(Object) at <ElTag>
at <TableTdWrapper>
at <ElTableBody>
at <ElScrollbar>
at <ElTable>
at <EmployeeVouchers>
at <BaseTransition>
at <Transition>
at <RouterView>
at <ElMain>
at <ElContainer>
at <ElContainer>
at <Layout>
at <RouterView>
at <App> [Object, Object, Object, Object, Object, Object, Object, Object, Object, Object, Object, Object, Object, Object, Object]
[2026-05-18T08:06:48.164Z] [warning] Invalid prop: validation failed for prop "type". Expected one of ["primary", "success", "info", "warning", "danger"], got value "". Proxy(Object) at <ElTag>
at <TableTdWrapper>
at <ElTableBody>
at <ElScrollbar>
at <ElTable>
at <EmployeeVouchers>
at <BaseTransition>
at <Transition>
at <RouterView>
at <ElMain>
at <ElContainer>
at <ElContainer>
at <Layout>
at <RouterView>
at <App> [Object, Object, Object, Object, Object, Object, Object, Object, Object, Object, Object, Object, Object, Object, Object]
[2026-05-18T08:06:48.165Z] [warning] Invalid prop: custom validator check failed for prop "type". Proxy(Object) at <ElTag>
at <TableTdWrapper>
at <ElTableBody>
at <ElScrollbar>
at <ElTable>
at <EmployeeVouchers>
at <BaseTransition>
at <Transition>
at <RouterView>
at <ElMain>
at <ElContainer>
at <ElContainer>
at <Layout>
at <RouterView>
at <App> [Object, Object, Object, Object, Object, Object, Object, Object, Object, Object, Object, Object, Object, Object, Object]
[2026-05-18T08:06:48.165Z] [warning] Invalid prop: validation failed for prop "type". Expected one of ["primary", "success", "info", "warning", "danger"], got value "". Proxy(Object) at <ElTag>
at <TableTdWrapper>
at <ElTableBody>
at <ElScrollbar>
at <ElTable>
at <EmployeeVouchers>
at <BaseTransition>
at <Transition>
at <RouterView>
at <ElMain>
at <ElContainer>
at <ElContainer>
at <Layout>
at <RouterView>
at <App> [Object, Object, Object, Object, Object, Object, Object, Object, Object, Object, Object, Object, Object, Object, Object]
[2026-05-18T08:06:48.165Z] [warning] Invalid prop: custom validator check failed for prop "type". Proxy(Object) at <ElTag>
at <TableTdWrapper>
at <ElTableBody>
at <ElScrollbar>
at <ElTable>
at <EmployeeVouchers>
at <BaseTransition>
at <Transition>
at <RouterView>
at <ElMain>
at <ElContainer>
at <ElContainer>
at <Layout>
at <RouterView>
at <App> [Object, Object, Object, Object, Object, Object, Object, Object, Object, Object, Object, Object, Object, Object, Object]
[2026-05-18T08:06:48.168Z] [warning] Invalid prop: validation failed for prop "type". Expected one of ["primary", "success", "info", "warning", "danger"], got value "". Proxy(Object) at <ElTag>
at <TableTdWrapper>
at <ElTableBody>
at <ElScrollbar>
at <ElTable>
at <EmployeeVouchers>
at <BaseTransition>
at <Transition>
at <RouterView>
at <ElMain>
at <ElContainer>
at <ElContainer>
at <Layout>
at <RouterView>
at <App> [Object, Object, Object, Object, Object, Object, Object, Object, Object, Object, Object, Object, Object, Object, Object]
[2026-05-18T08:06:48.168Z] [warning] Invalid prop: custom validator check failed for prop "type". Proxy(Object) at <ElTag>
at <TableTdWrapper>
at <ElTableBody>
at <ElScrollbar>
at <ElTable>
at <EmployeeVouchers>
at <BaseTransition>
at <Transition>
at <RouterView>
at <ElMain>
at <ElContainer>
at <ElContainer>
at <Layout>
at <RouterView>
at <App> [Object, Object, Object, Object, Object, Object, Object, Object, Object, Object, Object, Object, Object, Object, Object]
[2026-05-18T08:06:48.169Z] [warning] Invalid prop: validation failed for prop "type". Expected one of ["primary", "success", "info", "warning", "danger"], got value "". Proxy(Object) at <ElTag>
at <TableTdWrapper>
at <ElTableBody>
at <ElScrollbar>
at <ElTable>
at <EmployeeVouchers>
at <BaseTransition>
at <Transition>
at <RouterView>
at <ElMain>
at <ElContainer>
at <ElContainer>
at <Layout>
at <RouterView>
at <App> [Object, Object, Object, Object, Object, Object, Object, Object, Object, Object, Object, Object, Object, Object, Object]
[2026-05-18T08:06:48.169Z] [warning] Invalid prop: custom validator check failed for prop "type". Proxy(Object) at <ElTag>
at <TableTdWrapper>
at <ElTableBody>
at <ElScrollbar>
at <ElTable>
at <EmployeeVouchers>
at <BaseTransition>
at <Transition>
at <RouterView>
at <ElMain>
at <ElContainer>
at <ElContainer>
at <Layout>
at <RouterView>
at <App> [Object, Object, Object, Object, Object, Object, Object, Object, Object, Object, Object, Object, Object, Object, Object]
[2026-05-18T08:06:48.169Z] [warning] Invalid prop: validation failed for prop "type". Expected one of ["primary", "success", "info", "warning", "danger"], got value "". Proxy(Object) at <ElTag>
at <TableTdWrapper>
at <ElTableBody>
at <ElScrollbar>
at <ElTable>
at <EmployeeVouchers>
at <BaseTransition>
at <Transition>
at <RouterView>
at <ElMain>
at <ElContainer>
at <ElContainer>
at <Layout>
at <RouterView>
at <App> [Object, Object, Object, Object, Object, Object, Object, Object, Object, Object, Object, Object, Object, Object, Object]
[2026-05-18T08:06:48.170Z] [warning] Invalid prop: custom validator check failed for prop "type". Proxy(Object) at <ElTag>
at <TableTdWrapper>
at <ElTableBody>
at <ElScrollbar>
at <ElTable>
at <EmployeeVouchers>
at <BaseTransition>
at <Transition>
at <RouterView>
at <ElMain>
at <ElContainer>
at <ElContainer>
at <Layout>
at <RouterView>
at <App> [Object, Object, Object, Object, Object, Object, Object, Object, Object, Object, Object, Object, Object, Object, Object]
[2026-05-18T08:06:48.170Z] [warning] Invalid prop: validation failed for prop "type". Expected one of ["primary", "success", "info", "warning", "danger"], got value "". Proxy(Object) at <ElTag>
at <TableTdWrapper>
at <ElTableBody>
at <ElScrollbar>
at <ElTable>
at <EmployeeVouchers>
at <BaseTransition>
at <Transition>
at <RouterView>
at <ElMain>
at <ElContainer>
at <ElContainer>
at <Layout>
at <RouterView>
at <App> [Object, Object, Object, Object, Object, Object, Object, Object, Object, Object, Object, Object, Object, Object, Object]
[2026-05-18T08:06:48.170Z] [warning] Invalid prop: custom validator check failed for prop "type". Proxy(Object) at <ElTag>
at <TableTdWrapper>
at <ElTableBody>
at <ElScrollbar>
at <ElTable>
at <EmployeeVouchers>
at <BaseTransition>
at <Transition>
at <RouterView>
at <ElMain>
at <ElContainer>
at <ElContainer>
at <Layout>
at <RouterView>
at <App> [Object, Object, Object, Object, Object, Object, Object, Object, Object, Object, Object, Object, Object, Object, Object]
[2026-05-18T08:06:48.176Z] [warning] Invalid prop: validation failed for prop "type". Expected one of ["primary", "success", "info", "warning", "danger"], got value "". Proxy(Object) at <ElTag>
at <TableTdWrapper>
at <ElTableBody>
at <ElScrollbar>
at <ElTable>
at <EmployeeVouchers>
at <BaseTransition>
at <Transition>
at <RouterView>
at <ElMain>
at <ElContainer>
at <ElContainer>
at <Layout>
at <RouterView>
at <App> [Object, Object, Object, Object, Object, Object, Object, Object, Object, Object, Object, Object, Object, Object, Object]
[2026-05-18T08:06:48.176Z] [warning] Invalid prop: custom validator check failed for prop "type". Proxy(Object) at <ElTag>
at <TableTdWrapper>
at <ElTableBody>
at <ElScrollbar>
at <ElTable>
at <EmployeeVouchers>
at <BaseTransition>
at <Transition>
at <RouterView>
at <ElMain>
at <ElContainer>
at <ElContainer>
at <Layout>
at <RouterView>
at <App> [Object, Object, Object, Object, Object, Object, Object, Object, Object, Object, Object, Object, Object, Object, Object]
[2026-05-18T08:06:48.176Z] [warning] Invalid prop: validation failed for prop "type". Expected one of ["primary", "success", "info", "warning", "danger"], got value "". Proxy(Object) at <ElTag>
at <TableTdWrapper>
at <ElTableBody>
at <ElScrollbar>
at <ElTable>
at <EmployeeVouchers>
at <BaseTransition>
at <Transition>
at <RouterView>
at <ElMain>
at <ElContainer>
at <ElContainer>
at <Layout>
at <RouterView>
at <App> [Object, Object, Object, Object, Object, Object, Object, Object, Object, Object, Object, Object, Object, Object, Object]
[2026-05-18T08:06:48.176Z] [warning] Invalid prop: custom validator check failed for prop "type". Proxy(Object) at <ElTag>
at <TableTdWrapper>
at <ElTableBody>
at <ElScrollbar>
at <ElTable>
at <EmployeeVouchers>
at <BaseTransition>
at <Transition>
at <RouterView>
at <ElMain>
at <ElContainer>
at <ElContainer>
at <Layout>
at <RouterView>
at <App> [Object, Object, Object, Object, Object, Object, Object, Object, Object, Object, Object, Object, Object, Object, Object]
[2026-05-18T08:06:48.178Z] [warning] Invalid prop: validation failed for prop "type". Expected one of ["primary", "success", "info", "warning", "danger"], got value "". Proxy(Object) at <ElTag>
at <TableTdWrapper>
at <ElTableBody>
at <ElScrollbar>
at <ElTable>
at <EmployeeVouchers>
at <BaseTransition>
at <Transition>
at <RouterView>
at <ElMain>
at <ElContainer>
at <ElContainer>
at <Layout>
at <RouterView>
at <App> [Object, Object, Object, Object, Object, Object, Object, Object, Object, Object, Object, Object, Object, Object, Object]
[2026-05-18T08:06:48.178Z] [warning] Invalid prop: custom validator check failed for prop "type". Proxy(Object) at <ElTag>
at <TableTdWrapper>
at <ElTableBody>
at <ElScrollbar>
at <ElTable>
at <EmployeeVouchers>
at <BaseTransition>
at <Transition>
at <RouterView>
at <ElMain>
at <ElContainer>
at <ElContainer>
at <Layout>
at <RouterView>
at <App> [Object, Object, Object, Object, Object, Object, Object, Object, Object, Object, Object, Object, Object, Object, Object]
[2026-05-18T08:06:48.181Z] [warning] Invalid prop: validation failed for prop "type". Expected one of ["primary", "success", "info", "warning", "danger"], got value "". Proxy(Object) at <ElTag>
at <TableTdWrapper>
at <ElTableBody>
at <ElScrollbar>
at <ElTable>
at <EmployeeVouchers>
at <BaseTransition>
at <Transition>
at <RouterView>
at <ElMain>
at <ElContainer>
at <ElContainer>
at <Layout>
at <RouterView>
at <App> [Object, Object, Object, Object, Object, Object, Object, Object, Object, Object, Object, Object, Object, Object, Object]
[2026-05-18T08:06:48.181Z] [warning] Invalid prop: custom validator check failed for prop "type". Proxy(Object) at <ElTag>
at <TableTdWrapper>
at <ElTableBody>
at <ElScrollbar>
at <ElTable>
at <EmployeeVouchers>
at <BaseTransition>
at <Transition>
at <RouterView>
at <ElMain>
at <ElContainer>
at <ElContainer>
at <Layout>
at <RouterView>
at <App> [Object, Object, Object, Object, Object, Object, Object, Object, Object, Object, Object, Object, Object, Object, Object]
[2026-05-18T08:06:48.181Z] [warning] Invalid prop: validation failed for prop "type". Expected one of ["primary", "success", "info", "warning", "danger"], got value "". Proxy(Object) at <ElTag>
at <TableTdWrapper>
at <ElTableBody>
at <ElScrollbar>
at <ElTable>
at <EmployeeVouchers>
at <BaseTransition>
at <Transition>
at <RouterView>
at <ElMain>
at <ElContainer>
at <ElContainer>
at <Layout>
at <RouterView>
at <App> [Object, Object, Object, Object, Object, Object, Object, Object, Object, Object, Object, Object, Object, Object, Object]
[2026-05-18T08:06:48.182Z] [warning] Invalid prop: custom validator check failed for prop "type". Proxy(Object) at <ElTag>
at <TableTdWrapper>
at <ElTableBody>
at <ElScrollbar>
at <ElTable>
at <EmployeeVouchers>
at <BaseTransition>
at <Transition>
at <RouterView>
at <ElMain>
at <ElContainer>
at <ElContainer>
at <Layout>
at <RouterView>
at <App> [Object, Object, Object, Object, Object, Object, Object, Object, Object, Object, Object, Object, Object, Object, Object]
[2026-05-18T08:06:48.184Z] [warning] Invalid prop: validation failed for prop "type". Expected one of ["primary", "success", "info", "warning", "danger"], got value "". Proxy(Object) at <ElTag>
at <TableTdWrapper>
at <ElTableBody>
at <ElScrollbar>
at <ElTable>
at <EmployeeVouchers>
at <BaseTransition>
at <Transition>
at <RouterView>
at <ElMain>
at <ElContainer>
at <ElContainer>
at <Layout>
at <RouterView>
at <App> [Object, Object, Object, Object, Object, Object, Object, Object, Object, Object, Object, Object, Object, Object, Object]
[2026-05-18T08:06:48.184Z] [warning] Invalid prop: custom validator check failed for prop "type". Proxy(Object) at <ElTag>
at <TableTdWrapper>
at <ElTableBody>
at <ElScrollbar>
at <ElTable>
at <EmployeeVouchers>
at <BaseTransition>
at <Transition>
at <RouterView>
at <ElMain>
at <ElContainer>
at <ElContainer>
at <Layout>
at <RouterView>
at <App> [Object, Object, Object, Object, Object, Object, Object, Object, Object, Object, Object, Object, Object, Object, Object]
[2026-05-18T08:06:48.189Z] [warning] Invalid prop: validation failed for prop "type". Expected one of ["primary", "success", "info", "warning", "danger"], got value "". Proxy(Object) at <ElTag>
at <TableTdWrapper>
at <ElTableBody>
at <ElScrollbar>
at <ElTable>
at <EmployeeVouchers>
at <BaseTransition>
at <Transition>
at <RouterView>
at <ElMain>
at <ElContainer>
at <ElContainer>
at <Layout>
at <RouterView>
at <App> [Object, Object, Object, Object, Object, Object, Object, Object, Object, Object, Object, Object, Object, Object, Object]
[2026-05-18T08:06:48.189Z] [warning] Invalid prop: custom validator check failed for prop "type". Proxy(Object) at <ElTag>
at <TableTdWrapper>
at <ElTableBody>
at <ElScrollbar>
at <ElTable>
at <EmployeeVouchers>
at <BaseTransition>
at <Transition>
at <RouterView>
at <ElMain>
at <ElContainer>
at <ElContainer>
at <Layout>
at <RouterView>
at <App> [Object, Object, Object, Object, Object, Object, Object, Object, Object, Object, Object, Object, Object, Object, Object]
[2026-05-18T08:06:48.190Z] [warning] Invalid prop: validation failed for prop "type". Expected one of ["primary", "success", "info", "warning", "danger"], got value "". Proxy(Object) at <ElTag>
at <TableTdWrapper>
at <ElTableBody>
at <ElScrollbar>
at <ElTable>
at <EmployeeVouchers>
at <BaseTransition>
at <Transition>
at <RouterView>
at <ElMain>
at <ElContainer>
at <ElContainer>
at <Layout>
at <RouterView>
at <App> [Object, Object, Object, Object, Object, Object, Object, Object, Object, Object, Object, Object, Object, Object, Object]
[2026-05-18T08:06:48.190Z] [warning] Invalid prop: custom validator check failed for prop "type". Proxy(Object) at <ElTag>
at <TableTdWrapper>
at <ElTableBody>
at <ElScrollbar>
at <ElTable>
at <EmployeeVouchers>
at <BaseTransition>
at <Transition>
at <RouterView>
at <ElMain>
at <ElContainer>
at <ElContainer>
at <Layout>
at <RouterView>
at <App> [Object, Object, Object, Object, Object, Object, Object, Object, Object, Object, Object, Object, Object, Object, Object]
[2026-05-18T08:06:48.192Z] [warning] Invalid prop: validation failed for prop "type". Expected one of ["primary", "success", "info", "warning", "danger"], got value "". Proxy(Object) at <ElTag>
at <TableTdWrapper>
at <ElTableBody>
at <ElScrollbar>
at <ElTable>
at <EmployeeVouchers>
at <BaseTransition>
at <Transition>
at <RouterView>
at <ElMain>
at <ElContainer>
at <ElContainer>
at <Layout>
at <RouterView>
at <App> [Object, Object, Object, Object, Object, Object, Object, Object, Object, Object, Object, Object, Object, Object, Object]
[2026-05-18T08:06:48.192Z] [warning] Invalid prop: custom validator check failed for prop "type". Proxy(Object) at <ElTag>
at <TableTdWrapper>
at <ElTableBody>
at <ElScrollbar>
at <ElTable>
at <EmployeeVouchers>
at <BaseTransition>
at <Transition>
at <RouterView>
at <ElMain>
at <ElContainer>
at <ElContainer>
at <Layout>
at <RouterView>
at <App> [Object, Object, Object, Object, Object, Object, Object, Object, Object, Object, Object, Object, Object, Object, Object]
[2026-05-18T08:06:48.193Z] [warning] Invalid prop: validation failed for prop "type". Expected one of ["primary", "success", "info", "warning", "danger"], got value "". Proxy(Object) at <ElTag>
at <TableTdWrapper>
at <ElTableBody>
at <ElScrollbar>
at <ElTable>
at <EmployeeVouchers>
at <BaseTransition>
at <Transition>
at <RouterView>
at <ElMain>
at <ElContainer>
at <ElContainer>
at <Layout>
at <RouterView>
at <App> [Object, Object, Object, Object, Object, Object, Object, Object, Object, Object, Object, Object, Object, Object, Object]
[2026-05-18T08:06:48.193Z] [warning] Invalid prop: custom validator check failed for prop "type". Proxy(Object) at <ElTag>
at <TableTdWrapper>
at <ElTableBody>
at <ElScrollbar>
at <ElTable>
at <EmployeeVouchers>
at <BaseTransition>
at <Transition>
at <RouterView>
at <ElMain>
at <ElContainer>
at <ElContainer>
at <Layout>
at <RouterView>
at <App> [Object, Object, Object, Object, Object, Object, Object, Object, Object, Object, Object, Object, Object, Object, Object]
[2026-05-18T08:06:48.196Z] [warning] Invalid prop: validation failed for prop "type". Expected one of ["primary", "success", "info", "warning", "danger"], got value "". Proxy(Object) at <ElTag>
at <TableTdWrapper>
at <ElTableBody>
at <ElScrollbar>
at <ElTable>
at <EmployeeVouchers>
at <BaseTransition>
at <Transition>
at <RouterView>
at <ElMain>
at <ElContainer>
at <ElContainer>
at <Layout>
at <RouterView>
at <App> [Object, Object, Object, Object, Object, Object, Object, Object, Object, Object, Object, Object, Object, Object, Object]
[2026-05-18T08:06:48.196Z] [warning] Invalid prop: custom validator check failed for prop "type". Proxy(Object) at <ElTag>
at <TableTdWrapper>
at <ElTableBody>
at <ElScrollbar>
at <ElTable>
at <EmployeeVouchers>
at <BaseTransition>
at <Transition>
at <RouterView>
at <ElMain>
at <ElContainer>
at <ElContainer>
at <Layout>
at <RouterView>
at <App> [Object, Object, Object, Object, Object, Object, Object, Object, Object, Object, Object, Object, Object, Object, Object]
[2026-05-18T08:06:48.196Z] [warning] Invalid prop: validation failed for prop "type". Expected one of ["primary", "success", "info", "warning", "danger"], got value "". Proxy(Object) at <ElTag>
at <TableTdWrapper>
at <ElTableBody>
at <ElScrollbar>
at <ElTable>
at <EmployeeVouchers>
at <BaseTransition>
at <Transition>
at <RouterView>
at <ElMain>
at <ElContainer>
at <ElContainer>
at <Layout>
at <RouterView>
at <App> [Object, Object, Object, Object, Object, Object, Object, Object, Object, Object, Object, Object, Object, Object, Object]
[2026-05-18T08:06:48.196Z] [warning] Invalid prop: custom validator check failed for prop "type". Proxy(Object) at <ElTag>
at <TableTdWrapper>
at <ElTableBody>
at <ElScrollbar>
at <ElTable>
at <EmployeeVouchers>
at <BaseTransition>
at <Transition>
at <RouterView>
at <ElMain>
at <ElContainer>
at <ElContainer>
at <Layout>
at <RouterView>
at <App> [Object, Object, Object, Object, Object, Object, Object, Object, Object, Object, Object, Object, Object, Object, Object]
[2026-05-18T08:06:48.202Z] [warning] Invalid prop: validation failed for prop "type". Expected one of ["primary", "success", "info", "warning", "danger"], got value "". Proxy(Object) at <ElTag>
at <TableTdWrapper>
at <ElTableBody>
at <ElScrollbar>
at <ElTable>
at <EmployeeVouchers>
at <BaseTransition>
at <Transition>
at <RouterView>
at <ElMain>
at <ElContainer>
at <ElContainer>
at <Layout>
at <RouterView>
at <App> [Object, Object, Object, Object, Object, Object, Object, Object, Object, Object, Object, Object, Object, Object, Object]
[2026-05-18T08:06:48.202Z] [warning] Invalid prop: custom validator check failed for prop "type". Proxy(Object) at <ElTag>
at <TableTdWrapper>
at <ElTableBody>
at <ElScrollbar>
at <ElTable>
at <EmployeeVouchers>
at <BaseTransition>
at <Transition>
at <RouterView>
at <ElMain>
at <ElContainer>
at <ElContainer>
at <Layout>
at <RouterView>
at <App> [Object, Object, Object, Object, Object, Object, Object, Object, Object, Object, Object, Object, Object, Object, Object]
[2026-05-18T08:06:48.203Z] [warning] Invalid prop: validation failed for prop "type". Expected one of ["primary", "success", "info", "warning", "danger"], got value "". Proxy(Object) at <ElTag>
at <TableTdWrapper>
at <ElTableBody>
at <ElScrollbar>
at <ElTable>
at <EmployeeVouchers>
at <BaseTransition>
at <Transition>
at <RouterView>
at <ElMain>
at <ElContainer>
at <ElContainer>
at <Layout>
at <RouterView>
at <App> [Object, Object, Object, Object, Object, Object, Object, Object, Object, Object, Object, Object, Object, Object, Object]
[2026-05-18T08:06:48.203Z] [warning] Invalid prop: custom validator check failed for prop "type". Proxy(Object) at <ElTag>
at <TableTdWrapper>
at <ElTableBody>
at <ElScrollbar>
at <ElTable>
at <EmployeeVouchers>
at <BaseTransition>
at <Transition>
at <RouterView>
at <ElMain>
at <ElContainer>
at <ElContainer>
at <Layout>
at <RouterView>
at <App> [Object, Object, Object, Object, Object, Object, Object, Object, Object, Object, Object, Object, Object, Object, Object]
[2026-05-18T08:06:48.205Z] [warning] Invalid prop: validation failed for prop "type". Expected one of ["primary", "success", "info", "warning", "danger"], got value "". Proxy(Object) at <ElTag>
at <TableTdWrapper>
at <ElTableBody>
at <ElScrollbar>
at <ElTable>
at <EmployeeVouchers>
at <BaseTransition>
at <Transition>
at <RouterView>
at <ElMain>
at <ElContainer>
at <ElContainer>
at <Layout>
at <RouterView>
at <App> [Object, Object, Object, Object, Object, Object, Object, Object, Object, Object, Object, Object, Object, Object, Object]
[2026-05-18T08:06:48.205Z] [warning] Invalid prop: custom validator check failed for prop "type". Proxy(Object) at <ElTag>
at <TableTdWrapper>
at <ElTableBody>
at <ElScrollbar>
at <ElTable>
at <EmployeeVouchers>
at <BaseTransition>
at <Transition>
at <RouterView>
at <ElMain>
at <ElContainer>
at <ElContainer>
at <Layout>
at <RouterView>
at <App> [Object, Object, Object, Object, Object, Object, Object, Object, Object, Object, Object, Object, Object, Object, Object]
[2026-05-18T08:06:48.206Z] [warning] Invalid prop: validation failed for prop "type". Expected one of ["primary", "success", "info", "warning", "danger"], got value "". Proxy(Object) at <ElTag>
at <TableTdWrapper>
at <ElTableBody>
at <ElScrollbar>
at <ElTable>
at <EmployeeVouchers>
at <BaseTransition>
at <Transition>
at <RouterView>
at <ElMain>
at <ElContainer>
at <ElContainer>
at <Layout>
at <RouterView>
at <App> [Object, Object, Object, Object, Object, Object, Object, Object, Object, Object, Object, Object, Object, Object, Object]
[2026-05-18T08:06:48.206Z] [warning] Invalid prop: custom validator check failed for prop "type". Proxy(Object) at <ElTag>
at <TableTdWrapper>
at <ElTableBody>
at <ElScrollbar>
at <ElTable>
at <EmployeeVouchers>
at <BaseTransition>
at <Transition>
at <RouterView>
at <ElMain>
at <ElContainer>
at <ElContainer>
at <Layout>
at <RouterView>
at <App> [Object, Object, Object, Object, Object, Object, Object, Object, Object, Object, Object, Object, Object, Object, Object]
[2026-05-18T08:06:48.207Z] [warning] Invalid prop: validation failed for prop "type". Expected one of ["primary", "success", "info", "warning", "danger"], got value "". Proxy(Object) at <ElTag>
at <TableTdWrapper>
at <ElTableBody>
at <ElScrollbar>
at <ElTable>
at <EmployeeVouchers>
at <BaseTransition>
at <Transition>
at <RouterView>
at <ElMain>
at <ElContainer>
at <ElContainer>
at <Layout>
at <RouterView>
at <App> [Object, Object, Object, Object, Object, Object, Object, Object, Object, Object, Object, Object, Object, Object, Object]
[2026-05-18T08:06:48.207Z] [warning] Invalid prop: custom validator check failed for prop "type". Proxy(Object) at <ElTag>
at <TableTdWrapper>
at <ElTableBody>
at <ElScrollbar>
at <ElTable>
at <EmployeeVouchers>
at <BaseTransition>
at <Transition>
at <RouterView>
at <ElMain>
at <ElContainer>
at <ElContainer>
at <Layout>
at <RouterView>
at <App> [Object, Object, Object, Object, Object, Object, Object, Object, Object, Object, Object, Object, Object, Object, Object]
[2026-05-18T08:06:48.211Z] [warning] Invalid prop: validation failed for prop "type". Expected one of ["primary", "success", "info", "warning", "danger"], got value "". Proxy(Object) at <ElTag>
at <TableTdWrapper>
at <ElTableBody>
at <ElScrollbar>
at <ElTable>
at <EmployeeVouchers>
at <BaseTransition>
at <Transition>
at <RouterView>
at <ElMain>
at <ElContainer>
at <ElContainer>
at <Layout>
at <RouterView>
at <App> [Object, Object, Object, Object, Object, Object, Object, Object, Object, Object, Object, Object, Object, Object, Object]
[2026-05-18T08:06:48.211Z] [warning] Invalid prop: custom validator check failed for prop "type". Proxy(Object) at <ElTag>
at <TableTdWrapper>
at <ElTableBody>
at <ElScrollbar>
at <ElTable>
at <EmployeeVouchers>
at <BaseTransition>
at <Transition>
at <RouterView>
at <ElMain>
at <ElContainer>
at <ElContainer>
at <Layout>
at <RouterView>
at <App> [Object, Object, Object, Object, Object, Object, Object, Object, Object, Object, Object, Object, Object, Object, Object]
[2026-05-18T08:06:48.355Z] [debug] [vite] connected.
[2026-05-18T08:07:36.427Z] [warning] Invalid prop: validation failed for prop "type". Expected one of ["primary", "success", "info", "warning", "danger"], got value "". Proxy(Object) at <ElTag>
at <TableTdWrapper>
at <ElTableBody>
at <ElScrollbar>
at <ElTable>
at <EmployeeVouchers>
at <BaseTransition>
at <Transition>
at <RouterView>
at <ElMain>
at <ElContainer>
at <ElContainer>
at <Layout>
at <RouterView>
at <App> [Object, Object, Object, Object, Object, Object, Object, Object, Object, Object, Object, Object, Object, Object, Object]
[2026-05-18T08:07:36.427Z] [warning] Invalid prop: custom validator check failed for prop "type". Proxy(Object) at <ElTag>
at <TableTdWrapper>
at <ElTableBody>
at <ElScrollbar>
at <ElTable>
at <EmployeeVouchers>
at <BaseTransition>
at <Transition>
at <RouterView>
at <ElMain>
at <ElContainer>
at <ElContainer>
at <Layout>
at <RouterView>
at <App> [Object, Object, Object, Object, Object, Object, Object, Object, Object, Object, Object, Object, Object, Object, Object]
[2026-05-18T08:07:36.427Z] [warning] Invalid prop: validation failed for prop "type". Expected one of ["primary", "success", "info", "warning", "danger"], got value "". Proxy(Object) at <ElTag>
at <TableTdWrapper>
at <ElTableBody>
at <ElScrollbar>
at <ElTable>
at <EmployeeVouchers>
at <BaseTransition>
at <Transition>
at <RouterView>
at <ElMain>
at <ElContainer>
at <ElContainer>
at <Layout>
at <RouterView>
at <App> [Object, Object, Object, Object, Object, Object, Object, Object, Object, Object, Object, Object, Object, Object, Object]
[2026-05-18T08:07:36.427Z] [warning] Invalid prop: custom validator check failed for prop "type". Proxy(Object) at <ElTag>
at <TableTdWrapper>
at <ElTableBody>
at <ElScrollbar>
at <ElTable>
at <EmployeeVouchers>
at <BaseTransition>
at <Transition>
at <RouterView>
at <ElMain>
at <ElContainer>
at <ElContainer>
at <Layout>
at <RouterView>
at <App> [Object, Object, Object, Object, Object, Object, Object, Object, Object, Object, Object, Object, Object, Object, Object]
[2026-05-18T08:07:36.427Z] [warning] Invalid prop: validation failed for prop "type". Expected one of ["primary", "success", "info", "warning", "danger"], got value "". Proxy(Object) at <ElTag>
at <TableTdWrapper>
at <ElTableBody>
at <ElScrollbar>
at <ElTable>
at <EmployeeVouchers>
at <BaseTransition>
at <Transition>
at <RouterView>
at <ElMain>
at <ElContainer>
at <ElContainer>
at <Layout>
at <RouterView>
at <App> [Object, Object, Object, Object, Object, Object, Object, Object, Object, Object, Object, Object, Object, Object, Object]
[2026-05-18T08:07:36.428Z] [warning] Invalid prop: custom validator check failed for prop "type". Proxy(Object) at <ElTag>
at <TableTdWrapper>
at <ElTableBody>
at <ElScrollbar>
at <ElTable>
at <EmployeeVouchers>
at <BaseTransition>
at <Transition>
at <RouterView>
at <ElMain>
at <ElContainer>
at <ElContainer>
at <Layout>
at <RouterView>
at <App> [Object, Object, Object, Object, Object, Object, Object, Object, Object, Object, Object, Object, Object, Object, Object]
[2026-05-18T08:07:36.431Z] [warning] Invalid prop: validation failed for prop "type". Expected one of ["primary", "success", "info", "warning", "danger"], got value "". Proxy(Object) at <ElTag>
at <TableTdWrapper>
at <ElTableBody>
at <ElScrollbar>
at <ElTable>
at <EmployeeVouchers>
at <BaseTransition>
at <Transition>
at <RouterView>
at <ElMain>
at <ElContainer>
at <ElContainer>
at <Layout>
at <RouterView>
at <App> [Object, Object, Object, Object, Object, Object, Object, Object, Object, Object, Object, Object, Object, Object, Object]
[2026-05-18T08:07:36.431Z] [warning] Invalid prop: custom validator check failed for prop "type". Proxy(Object) at <ElTag>
at <TableTdWrapper>
at <ElTableBody>
at <ElScrollbar>
at <ElTable>
at <EmployeeVouchers>
at <BaseTransition>
at <Transition>
at <RouterView>
at <ElMain>
at <ElContainer>
at <ElContainer>
at <Layout>
at <RouterView>
at <App> [Object, Object, Object, Object, Object, Object, Object, Object, Object, Object, Object, Object, Object, Object, Object]
[2026-05-18T08:07:36.434Z] [warning] Invalid prop: validation failed for prop "type". Expected one of ["primary", "success", "info", "warning", "danger"], got value "". Proxy(Object) at <ElTag>
at <TableTdWrapper>
at <ElTableBody>
at <ElScrollbar>
at <ElTable>
at <EmployeeVouchers>
at <BaseTransition>
at <Transition>
at <RouterView>
at <ElMain>
at <ElContainer>
at <ElContainer>
at <Layout>
at <RouterView>
at <App> [Object, Object, Object, Object, Object, Object, Object, Object, Object, Object, Object, Object, Object, Object, Object]
[2026-05-18T08:07:36.435Z] [warning] Invalid prop: custom validator check failed for prop "type". Proxy(Object) at <ElTag>
at <TableTdWrapper>
at <ElTableBody>
at <ElScrollbar>
at <ElTable>
at <EmployeeVouchers>
at <BaseTransition>
at <Transition>
at <RouterView>
at <ElMain>
at <ElContainer>
at <ElContainer>
at <Layout>
at <RouterView>
at <App> [Object, Object, Object, Object, Object, Object, Object, Object, Object, Object, Object, Object, Object, Object, Object]
[2026-05-18T08:07:36.435Z] [warning] Invalid prop: validation failed for prop "type". Expected one of ["primary", "success", "info", "warning", "danger"], got value "". Proxy(Object) at <ElTag>
at <TableTdWrapper>
at <ElTableBody>
at <ElScrollbar>
at <ElTable>
at <EmployeeVouchers>
at <BaseTransition>
at <Transition>
at <RouterView>
at <ElMain>
at <ElContainer>
at <ElContainer>
at <Layout>
at <RouterView>
at <App> [Object, Object, Object, Object, Object, Object, Object, Object, Object, Object, Object, Object, Object, Object, Object]
[2026-05-18T08:07:36.435Z] [warning] Invalid prop: custom validator check failed for prop "type". Proxy(Object) at <ElTag>
at <TableTdWrapper>
at <ElTableBody>
at <ElScrollbar>
at <ElTable>
at <EmployeeVouchers>
at <BaseTransition>
at <Transition>
at <RouterView>
at <ElMain>
at <ElContainer>
at <ElContainer>
at <Layout>
at <RouterView>
at <App> [Object, Object, Object, Object, Object, Object, Object, Object, Object, Object, Object, Object, Object, Object, Object]
[2026-05-18T08:07:36.439Z] [warning] Invalid prop: validation failed for prop "type". Expected one of ["primary", "success", "info", "warning", "danger"], got value "". Proxy(Object) at <ElTag>
at <TableTdWrapper>
at <ElTableBody>
at <ElScrollbar>
at <ElTable>
at <EmployeeVouchers>
at <BaseTransition>
at <Transition>
at <RouterView>
at <ElMain>
at <ElContainer>
at <ElContainer>
at <Layout>
at <RouterView>
at <App> [Object, Object, Object, Object, Object, Object, Object, Object, Object, Object, Object, Object, Object, Object, Object]
[2026-05-18T08:07:36.439Z] [warning] Invalid prop: custom validator check failed for prop "type". Proxy(Object) at <ElTag>
at <TableTdWrapper>
at <ElTableBody>
at <ElScrollbar>
at <ElTable>
at <EmployeeVouchers>
at <BaseTransition>
at <Transition>
at <RouterView>
at <ElMain>
at <ElContainer>
at <ElContainer>
at <Layout>
at <RouterView>
at <App> [Object, Object, Object, Object, Object, Object, Object, Object, Object, Object, Object, Object, Object, Object, Object]
[2026-05-18T08:07:36.441Z] [warning] Invalid prop: validation failed for prop "type". Expected one of ["primary", "success", "info", "warning", "danger"], got value "". Proxy(Object) at <ElTag>
at <TableTdWrapper>
at <ElTableBody>
at <ElScrollbar>
at <ElTable>
at <EmployeeVouchers>
at <BaseTransition>
at <Transition>
at <RouterView>
at <ElMain>
at <ElContainer>
at <ElContainer>
at <Layout>
at <RouterView>
at <App> [Object, Object, Object, Object, Object, Object, Object, Object, Object, Object, Object, Object, Object, Object, Object]
[2026-05-18T08:07:36.441Z] [warning] Invalid prop: custom validator check failed for prop "type". Proxy(Object) at <ElTag>
at <TableTdWrapper>
at <ElTableBody>
at <ElScrollbar>
at <ElTable>
at <EmployeeVouchers>
at <BaseTransition>
at <Transition>
at <RouterView>
at <ElMain>
at <ElContainer>
at <ElContainer>
at <Layout>
at <RouterView>
at <App> [Object, Object, Object, Object, Object, Object, Object, Object, Object, Object, Object, Object, Object, Object, Object]
[2026-05-18T08:07:36.441Z] [warning] Invalid prop: validation failed for prop "type". Expected one of ["primary", "success", "info", "warning", "danger"], got value "". Proxy(Object) at <ElTag>
at <TableTdWrapper>
at <ElTableBody>
at <ElScrollbar>
at <ElTable>
at <EmployeeVouchers>
at <BaseTransition>
at <Transition>
at <RouterView>
at <ElMain>
at <ElContainer>
at <ElContainer>
at <Layout>
at <RouterView>
at <App> [Object, Object, Object, Object, Object, Object, Object, Object, Object, Object, Object, Object, Object, Object, Object]
[2026-05-18T08:07:36.442Z] [warning] Invalid prop: custom validator check failed for prop "type". Proxy(Object) at <ElTag>
at <TableTdWrapper>
at <ElTableBody>
at <ElScrollbar>
at <ElTable>
at <EmployeeVouchers>
at <BaseTransition>
at <Transition>
at <RouterView>
at <ElMain>
at <ElContainer>
at <ElContainer>
at <Layout>
at <RouterView>
at <App> [Object, Object, Object, Object, Object, Object, Object, Object, Object, Object, Object, Object, Object, Object, Object]
[2026-05-18T08:07:36.445Z] [warning] Invalid prop: validation failed for prop "type". Expected one of ["primary", "success", "info", "warning", "danger"], got value "". Proxy(Object) at <ElTag>
at <TableTdWrapper>
at <ElTableBody>
at <ElScrollbar>
at <ElTable>
at <EmployeeVouchers>
at <BaseTransition>
at <Transition>
at <RouterView>
at <ElMain>
at <ElContainer>
at <ElContainer>
at <Layout>
at <RouterView>
at <App> [Object, Object, Object, Object, Object, Object, Object, Object, Object, Object, Object, Object, Object, Object, Object]
[2026-05-18T08:07:36.445Z] [warning] Invalid prop: custom validator check failed for prop "type". Proxy(Object) at <ElTag>
at <TableTdWrapper>
at <ElTableBody>
at <ElScrollbar>
at <ElTable>
at <EmployeeVouchers>
at <BaseTransition>
at <Transition>
at <RouterView>
at <ElMain>
at <ElContainer>
at <ElContainer>
at <Layout>
at <RouterView>
at <App> [Object, Object, Object, Object, Object, Object, Object, Object, Object, Object, Object, Object, Object, Object, Object]
[2026-05-18T08:07:36.446Z] [warning] Invalid prop: validation failed for prop "type". Expected one of ["primary", "success", "info", "warning", "danger"], got value "". Proxy(Object) at <ElTag>
at <TableTdWrapper>
at <ElTableBody>
at <ElScrollbar>
at <ElTable>
at <EmployeeVouchers>
at <BaseTransition>
at <Transition>
at <RouterView>
at <ElMain>
at <ElContainer>
at <ElContainer>
at <Layout>
at <RouterView>
at <App> [Object, Object, Object, Object, Object, Object, Object, Object, Object, Object, Object, Object, Object, Object, Object]
[2026-05-18T08:07:36.446Z] [warning] Invalid prop: custom validator check failed for prop "type". Proxy(Object) at <ElTag>
at <TableTdWrapper>
at <ElTableBody>
at <ElScrollbar>
at <ElTable>
at <EmployeeVouchers>
at <BaseTransition>
at <Transition>
at <RouterView>
at <ElMain>
at <ElContainer>
at <ElContainer>
at <Layout>
at <RouterView>
at <App> [Object, Object, Object, Object, Object, Object, Object, Object, Object, Object, Object, Object, Object, Object, Object]
[2026-05-18T08:07:36.447Z] [warning] Invalid prop: validation failed for prop "type". Expected one of ["primary", "success", "info", "warning", "danger"], got value "". Proxy(Object) at <ElTag>
at <TableTdWrapper>
at <ElTableBody>
at <ElScrollbar>
at <ElTable>
at <EmployeeVouchers>
at <BaseTransition>
at <Transition>
at <RouterView>
at <ElMain>
at <ElContainer>
at <ElContainer>
at <Layout>
at <RouterView>
at <App> [Object, Object, Object, Object, Object, Object, Object, Object, Object, Object, Object, Object, Object, Object, Object]
[2026-05-18T08:07:36.447Z] [warning] Invalid prop: custom validator check failed for prop "type". Proxy(Object) at <ElTag>
at <TableTdWrapper>
at <ElTableBody>
at <ElScrollbar>
at <ElTable>
at <EmployeeVouchers>
at <BaseTransition>
at <Transition>
at <RouterView>
at <ElMain>
at <ElContainer>
at <ElContainer>
at <Layout>
at <RouterView>
at <App> [Object, Object, Object, Object, Object, Object, Object, Object, Object, Object, Object, Object, Object, Object, Object]
[2026-05-18T08:08:12.962Z] [warning] Invalid prop: validation failed for prop "type". Expected one of ["primary", "success", "info", "warning", "danger"], got value "". Proxy(Object) at <ElTag>
at <TableTdWrapper>
at <ElTableBody>
at <ElScrollbar>
at <ElTable>
at <EmployeeVouchers>
at <BaseTransition>
at <Transition>
at <RouterView>
at <ElMain>
at <ElContainer>
at <ElContainer>
at <Layout>
at <RouterView>
at <App> [Object, Object, Object, Object, Object, Object, Object, Object, Object, Object, Object, Object, Object, Object, Object]
[2026-05-18T08:08:12.963Z] [warning] Invalid prop: custom validator check failed for prop "type". Proxy(Object) at <ElTag>
at <TableTdWrapper>
at <ElTableBody>
at <ElScrollbar>
at <ElTable>
at <EmployeeVouchers>
at <BaseTransition>
at <Transition>
at <RouterView>
at <ElMain>
at <ElContainer>
at <ElContainer>
at <Layout>
at <RouterView>
at <App> [Object, Object, Object, Object, Object, Object, Object, Object, Object, Object, Object, Object, Object, Object, Object]
[2026-05-18T08:08:12.963Z] [warning] Invalid prop: validation failed for prop "type". Expected one of ["primary", "success", "info", "warning", "danger"], got value "". Proxy(Object) at <ElTag>
at <TableTdWrapper>
at <ElTableBody>
at <ElScrollbar>
at <ElTable>
at <EmployeeVouchers>
at <BaseTransition>
at <Transition>
at <RouterView>
at <ElMain>
at <ElContainer>
at <ElContainer>
at <Layout>
at <RouterView>
at <App> [Object, Object, Object, Object, Object, Object, Object, Object, Object, Object, Object, Object, Object, Object, Object]
[2026-05-18T08:08:12.963Z] [warning] Invalid prop: custom validator check failed for prop "type". Proxy(Object) at <ElTag>
at <TableTdWrapper>
at <ElTableBody>
at <ElScrollbar>
at <ElTable>
at <EmployeeVouchers>
at <BaseTransition>
at <Transition>
at <RouterView>
at <ElMain>
at <ElContainer>
at <ElContainer>
at <Layout>
at <RouterView>
at <App> [Object, Object, Object, Object, Object, Object, Object, Object, Object, Object, Object, Object, Object, Object, Object]
[2026-05-18T08:08:12.964Z] [warning] Invalid prop: validation failed for prop "type". Expected one of ["primary", "success", "info", "warning", "danger"], got value "". Proxy(Object) at <ElTag>
at <TableTdWrapper>
at <ElTableBody>
at <ElScrollbar>
at <ElTable>
at <EmployeeVouchers>
at <BaseTransition>
at <Transition>
at <RouterView>
at <ElMain>
at <ElContainer>
at <ElContainer>
at <Layout>
at <RouterView>
at <App> [Object, Object, Object, Object, Object, Object, Object, Object, Object, Object, Object, Object, Object, Object, Object]
[2026-05-18T08:08:12.964Z] [warning] Invalid prop: custom validator check failed for prop "type". Proxy(Object) at <ElTag>
at <TableTdWrapper>
at <ElTableBody>
at <ElScrollbar>
at <ElTable>
at <EmployeeVouchers>
at <BaseTransition>
at <Transition>
at <RouterView>
at <ElMain>
at <ElContainer>
at <ElContainer>
at <Layout>
at <RouterView>
at <App> [Object, Object, Object, Object, Object, Object, Object, Object, Object, Object, Object, Object, Object, Object, Object]
[2026-05-18T08:08:12.965Z] [warning] Invalid prop: validation failed for prop "type". Expected one of ["primary", "success", "info", "warning", "danger"], got value "". null at <ElTag>
at <TableTdWrapper>
at <ElTableBody>
at <ElScrollbar>
at <ElTable>
at <EmployeeVouchers>
at <BaseTransition>
at <Transition>
at <RouterView>
at <ElMain>
at <ElContainer>
at <ElContainer>
at <Layout>
at <RouterView>
at <App> [Object, Object, Object, Object, Object, Object, Object, Object, Object, Object, Object, Object, Object, Object, Object]
[2026-05-18T08:08:12.965Z] [warning] Invalid prop: custom validator check failed for prop "type". null at <ElTag>
at <TableTdWrapper>
at <ElTableBody>
at <ElScrollbar>
at <ElTable>
at <EmployeeVouchers>
at <BaseTransition>
at <Transition>
at <RouterView>
at <ElMain>
at <ElContainer>
at <ElContainer>
at <Layout>
at <RouterView>
at <App> [Object, Object, Object, Object, Object, Object, Object, Object, Object, Object, Object, Object, Object, Object, Object]
[2026-05-18T08:08:12.966Z] [warning] Invalid prop: validation failed for prop "type". Expected one of ["primary", "success", "info", "warning", "danger"], got value "". null at <ElTag>
at <TableTdWrapper>
at <ElTableBody>
at <ElScrollbar>
at <ElTable>
at <EmployeeVouchers>
at <BaseTransition>
at <Transition>
at <RouterView>
at <ElMain>
at <ElContainer>
at <ElContainer>
at <Layout>
at <RouterView>
at <App> [Object, Object, Object, Object, Object, Object, Object, Object, Object, Object, Object, Object, Object, Object, Object]
[2026-05-18T08:08:12.966Z] [warning] Invalid prop: custom validator check failed for prop "type". null at <ElTag>
at <TableTdWrapper>
at <ElTableBody>
at <ElScrollbar>
at <ElTable>
at <EmployeeVouchers>
at <BaseTransition>
at <Transition>
at <RouterView>
at <ElMain>
at <ElContainer>
at <ElContainer>
at <Layout>
at <RouterView>
at <App> [Object, Object, Object, Object, Object, Object, Object, Object, Object, Object, Object, Object, Object, Object, Object]
[2026-05-18T08:08:12.967Z] [warning] Invalid prop: validation failed for prop "type". Expected one of ["primary", "success", "info", "warning", "danger"], got value "". null at <ElTag>
at <TableTdWrapper>
at <ElTableBody>
at <ElScrollbar>
at <ElTable>
at <EmployeeVouchers>
at <BaseTransition>
at <Transition>
at <RouterView>
at <ElMain>
at <ElContainer>
at <ElContainer>
at <Layout>
at <RouterView>
at <App> [Object, Object, Object, Object, Object, Object, Object, Object, Object, Object, Object, Object, Object, Object, Object]
[2026-05-18T08:08:12.968Z] [warning] Invalid prop: custom validator check failed for prop "type". null at <ElTag>
at <TableTdWrapper>
at <ElTableBody>
at <ElScrollbar>
at <ElTable>
at <EmployeeVouchers>
at <BaseTransition>
at <Transition>
at <RouterView>
at <ElMain>
at <ElContainer>
at <ElContainer>
at <Layout>
at <RouterView>
at <App> [Object, Object, Object, Object, Object, Object, Object, Object, Object, Object, Object, Object, Object, Object, Object]
[2026-05-18T08:08:12.972Z] [warning] Invalid prop: validation failed for prop "type". Expected one of ["primary", "success", "info", "warning", "danger"], got value "". Proxy(Object) at <ElTag>
at <TableTdWrapper>
at <ElTableBody>
at <ElScrollbar>
at <ElTable>
at <EmployeeVouchers>
at <BaseTransition>
at <Transition>
at <RouterView>
at <ElMain>
at <ElContainer>
at <ElContainer>
at <Layout>
at <RouterView>
at <App> [Object, Object, Object, Object, Object, Object, Object, Object, Object, Object, Object, Object, Object, Object, Object]
[2026-05-18T08:08:12.972Z] [warning] Invalid prop: custom validator check failed for prop "type". Proxy(Object) at <ElTag>
at <TableTdWrapper>
at <ElTableBody>
at <ElScrollbar>
at <ElTable>
at <EmployeeVouchers>
at <BaseTransition>
at <Transition>
at <RouterView>
at <ElMain>
at <ElContainer>
at <ElContainer>
at <Layout>
at <RouterView>
at <App> [Object, Object, Object, Object, Object, Object, Object, Object, Object, Object, Object, Object, Object, Object, Object]
[2026-05-18T08:08:12.972Z] [warning] Invalid prop: validation failed for prop "type". Expected one of ["primary", "success", "info", "warning", "danger"], got value "". Proxy(Object) at <ElTag>
at <TableTdWrapper>
at <ElTableBody>
at <ElScrollbar>
at <ElTable>
at <EmployeeVouchers>
at <BaseTransition>
at <Transition>
at <RouterView>
at <ElMain>
at <ElContainer>
at <ElContainer>
at <Layout>
at <RouterView>
at <App> [Object, Object, Object, Object, Object, Object, Object, Object, Object, Object, Object, Object, Object, Object, Object]
[2026-05-18T08:08:12.972Z] [warning] Invalid prop: custom validator check failed for prop "type". Proxy(Object) at <ElTag>
at <TableTdWrapper>
at <ElTableBody>
at <ElScrollbar>
at <ElTable>
at <EmployeeVouchers>
at <BaseTransition>
at <Transition>
at <RouterView>
at <ElMain>
at <ElContainer>
at <ElContainer>
at <Layout>
at <RouterView>
at <App> [Object, Object, Object, Object, Object, Object, Object, Object, Object, Object, Object, Object, Object, Object, Object]
[2026-05-18T08:08:12.973Z] [warning] Invalid prop: validation failed for prop "type". Expected one of ["primary", "success", "info", "warning", "danger"], got value "". Proxy(Object) at <ElTag>
at <TableTdWrapper>
at <ElTableBody>
at <ElScrollbar>
at <ElTable>
at <EmployeeVouchers>
at <BaseTransition>
at <Transition>
at <RouterView>
at <ElMain>
at <ElContainer>
at <ElContainer>
at <Layout>
at <RouterView>
at <App> [Object, Object, Object, Object, Object, Object, Object, Object, Object, Object, Object, Object, Object, Object, Object]
[2026-05-18T08:08:12.973Z] [warning] Invalid prop: custom validator check failed for prop "type". Proxy(Object) at <ElTag>
at <TableTdWrapper>
at <ElTableBody>
at <ElScrollbar>
at <ElTable>
at <EmployeeVouchers>
at <BaseTransition>
at <Transition>
at <RouterView>
at <ElMain>
at <ElContainer>
at <ElContainer>
at <Layout>
at <RouterView>
at <App> [Object, Object, Object, Object, Object, Object, Object, Object, Object, Object, Object, Object, Object, Object, Object]
[2026-05-18T08:08:12.973Z] [warning] Invalid prop: validation failed for prop "type". Expected one of ["primary", "success", "info", "warning", "danger"], got value "". Proxy(Object) at <ElTag>
at <TableTdWrapper>
at <ElTableBody>
at <ElScrollbar>
at <ElTable>
at <EmployeeVouchers>
at <BaseTransition>
at <Transition>
at <RouterView>
at <ElMain>
at <ElContainer>
at <ElContainer>
at <Layout>
at <RouterView>
at <App> [Object, Object, Object, Object, Object, Object, Object, Object, Object, Object, Object, Object, Object, Object, Object]
[2026-05-18T08:08:12.973Z] [warning] Invalid prop: custom validator check failed for prop "type". Proxy(Object) at <ElTag>
at <TableTdWrapper>
at <ElTableBody>
at <ElScrollbar>
at <ElTable>
at <EmployeeVouchers>
at <BaseTransition>
at <Transition>
at <RouterView>
at <ElMain>
at <ElContainer>
at <ElContainer>
at <Layout>
at <RouterView>
at <App> [Object, Object, Object, Object, Object, Object, Object, Object, Object, Object, Object, Object, Object, Object, Object]
[2026-05-18T08:08:12.974Z] [warning] Invalid prop: validation failed for prop "type". Expected one of ["primary", "success", "info", "warning", "danger"], got value "". Proxy(Object) at <ElTag>
at <TableTdWrapper>
at <ElTableBody>
at <ElScrollbar>
at <ElTable>
at <EmployeeVouchers>
at <BaseTransition>
at <Transition>
at <RouterView>
at <ElMain>
at <ElContainer>
at <ElContainer>
at <Layout>
at <RouterView>
at <App> [Object, Object, Object, Object, Object, Object, Object, Object, Object, Object, Object, Object, Object, Object, Object]
[2026-05-18T08:08:12.974Z] [warning] Invalid prop: custom validator check failed for prop "type". Proxy(Object) at <ElTag>
at <TableTdWrapper>
at <ElTableBody>
at <ElScrollbar>
at <ElTable>
at <EmployeeVouchers>
at <BaseTransition>
at <Transition>
at <RouterView>
at <ElMain>
at <ElContainer>
at <ElContainer>
at <Layout>
at <RouterView>
at <App> [Object, Object, Object, Object, Object, Object, Object, Object, Object, Object, Object, Object, Object, Object, Object]
[2026-05-18T08:08:12.974Z] [warning] Invalid prop: validation failed for prop "type". Expected one of ["primary", "success", "info", "warning", "danger"], got value "". Proxy(Object) at <ElTag>
at <TableTdWrapper>
at <ElTableBody>
at <ElScrollbar>
at <ElTable>
at <EmployeeVouchers>
at <BaseTransition>
at <Transition>
at <RouterView>
at <ElMain>
at <ElContainer>
at <ElContainer>
at <Layout>
at <RouterView>
at <App> [Object, Object, Object, Object, Object, Object, Object, Object, Object, Object, Object, Object, Object, Object, Object]
[2026-05-18T08:08:12.974Z] [warning] Invalid prop: custom validator check failed for prop "type". Proxy(Object) at <ElTag>
at <TableTdWrapper>
at <ElTableBody>
at <ElScrollbar>
at <ElTable>
at <EmployeeVouchers>
at <BaseTransition>
at <Transition>
at <RouterView>
at <ElMain>
at <ElContainer>
at <ElContainer>
at <Layout>
at <RouterView>
at <App> [Object, Object, Object, Object, Object, Object, Object, Object, Object, Object, Object, Object, Object, Object, Object]
[2026-05-18T08:08:12.978Z] [warning] Invalid prop: validation failed for prop "type". Expected one of ["primary", "success", "info", "warning", "danger"], got value "". Proxy(Object) at <ElTag>
at <TableTdWrapper>
at <ElTableBody>
at <ElScrollbar>
at <ElTable>
at <EmployeeVouchers>
at <BaseTransition>
at <Transition>
at <RouterView>
at <ElMain>
at <ElContainer>
at <ElContainer>
at <Layout>
at <RouterView>
at <App> [Object, Object, Object, Object, Object, Object, Object, Object, Object, Object, Object, Object, Object, Object, Object]
[2026-05-18T08:08:12.979Z] [warning] Invalid prop: custom validator check failed for prop "type". Proxy(Object) at <ElTag>
at <TableTdWrapper>
at <ElTableBody>
at <ElScrollbar>
at <ElTable>
at <EmployeeVouchers>
at <BaseTransition>
at <Transition>
at <RouterView>
at <ElMain>
at <ElContainer>
at <ElContainer>
at <Layout>
at <RouterView>
at <App> [Object, Object, Object, Object, Object, Object, Object, Object, Object, Object, Object, Object, Object, Object, Object]
[2026-05-18T08:08:12.979Z] [warning] Invalid prop: validation failed for prop "type". Expected one of ["primary", "success", "info", "warning", "danger"], got value "". Proxy(Object) at <ElTag>
at <TableTdWrapper>
at <ElTableBody>
at <ElScrollbar>
at <ElTable>
at <EmployeeVouchers>
at <BaseTransition>
at <Transition>
at <RouterView>
at <ElMain>
at <ElContainer>
at <ElContainer>
at <Layout>
at <RouterView>
at <App> [Object, Object, Object, Object, Object, Object, Object, Object, Object, Object, Object, Object, Object, Object, Object]
[2026-05-18T08:08:12.979Z] [warning] Invalid prop: custom validator check failed for prop "type". Proxy(Object) at <ElTag>
at <TableTdWrapper>
at <ElTableBody>
at <ElScrollbar>
at <ElTable>
at <EmployeeVouchers>
at <BaseTransition>
at <Transition>
at <RouterView>
at <ElMain>
at <ElContainer>
at <ElContainer>
at <Layout>
at <RouterView>
at <App> [Object, Object, Object, Object, Object, Object, Object, Object, Object, Object, Object, Object, Object, Object, Object]
[2026-05-18T08:08:12.980Z] [warning] Invalid prop: validation failed for prop "type". Expected one of ["primary", "success", "info", "warning", "danger"], got value "". Proxy(Object) at <ElTag>
at <TableTdWrapper>
at <ElTableBody>
at <ElScrollbar>
at <ElTable>
at <EmployeeVouchers>
at <BaseTransition>
at <Transition>
at <RouterView>
at <ElMain>
at <ElContainer>
at <ElContainer>
at <Layout>
at <RouterView>
at <App> [Object, Object, Object, Object, Object, Object, Object, Object, Object, Object, Object, Object, Object, Object, Object]
[2026-05-18T08:08:12.980Z] [warning] Invalid prop: custom validator check failed for prop "type". Proxy(Object) at <ElTag>
at <TableTdWrapper>
at <ElTableBody>
at <ElScrollbar>
at <ElTable>
at <EmployeeVouchers>
at <BaseTransition>
at <Transition>
at <RouterView>
at <ElMain>
at <ElContainer>
at <ElContainer>
at <Layout>
at <RouterView>
at <App> [Object, Object, Object, Object, Object, Object, Object, Object, Object, Object, Object, Object, Object, Object, Object]
[2026-05-18T08:08:12.981Z] [warning] Invalid prop: validation failed for prop "type". Expected one of ["primary", "success", "info", "warning", "danger"], got value "". Proxy(Object) at <ElTag>
at <TableTdWrapper>
at <ElTableBody>
at <ElScrollbar>
at <ElTable>
at <EmployeeVouchers>
at <BaseTransition>
at <Transition>
at <RouterView>
at <ElMain>
at <ElContainer>
at <ElContainer>
at <Layout>
at <RouterView>
at <App> [Object, Object, Object, Object, Object, Object, Object, Object, Object, Object, Object, Object, Object, Object, Object]
[2026-05-18T08:08:12.981Z] [warning] Invalid prop: custom validator check failed for prop "type". Proxy(Object) at <ElTag>
at <TableTdWrapper>
at <ElTableBody>
at <ElScrollbar>
at <ElTable>
at <EmployeeVouchers>
at <BaseTransition>
at <Transition>
at <RouterView>
at <ElMain>
at <ElContainer>
at <ElContainer>
at <Layout>
at <RouterView>
at <App> [Object, Object, Object, Object, Object, Object, Object, Object, Object, Object, Object, Object, Object, Object, Object]
[2026-05-18T08:08:12.981Z] [warning] Invalid prop: validation failed for prop "type". Expected one of ["primary", "success", "info", "warning", "danger"], got value "". Proxy(Object) at <ElTag>
at <TableTdWrapper>
at <ElTableBody>
at <ElScrollbar>
at <ElTable>
at <EmployeeVouchers>
at <BaseTransition>
at <Transition>
at <RouterView>
at <ElMain>
at <ElContainer>
at <ElContainer>
at <Layout>
at <RouterView>
at <App> [Object, Object, Object, Object, Object, Object, Object, Object, Object, Object, Object, Object, Object, Object, Object]
[2026-05-18T08:08:12.981Z] [warning] Invalid prop: custom validator check failed for prop "type". Proxy(Object) at <ElTag>
at <TableTdWrapper>
at <ElTableBody>
at <ElScrollbar>
at <ElTable>
at <EmployeeVouchers>
at <BaseTransition>
at <Transition>
at <RouterView>
at <ElMain>
at <ElContainer>
at <ElContainer>
at <Layout>
at <RouterView>
at <App> [Object, Object, Object, Object, Object, Object, Object, Object, Object, Object, Object, Object, Object, Object, Object]
[2026-05-18T08:08:12.982Z] [warning] Invalid prop: validation failed for prop "type". Expected one of ["primary", "success", "info", "warning", "danger"], got value "". Proxy(Object) at <ElTag>
at <TableTdWrapper>
at <ElTableBody>
at <ElScrollbar>
at <ElTable>
at <EmployeeVouchers>
at <BaseTransition>
at <Transition>
at <RouterView>
at <ElMain>
at <ElContainer>
at <ElContainer>
at <Layout>
at <RouterView>
at <App> [Object, Object, Object, Object, Object, Object, Object, Object, Object, Object, Object, Object, Object, Object, Object]
[2026-05-18T08:08:12.982Z] [warning] Invalid prop: custom validator check failed for prop "type". Proxy(Object) at <ElTag>
at <TableTdWrapper>
at <ElTableBody>
at <ElScrollbar>
at <ElTable>
at <EmployeeVouchers>
at <BaseTransition>
at <Transition>
at <RouterView>
at <ElMain>
at <ElContainer>
at <ElContainer>
at <Layout>
at <RouterView>
at <App> [Object, Object, Object, Object, Object, Object, Object, Object, Object, Object, Object, Object, Object, Object, Object]
[2026-05-18T08:08:12.986Z] [warning] Invalid prop: validation failed for prop "type". Expected one of ["primary", "success", "info", "warning", "danger"], got value "". Proxy(Object) at <ElTag>
at <TableTdWrapper>
at <ElTableBody>
at <ElScrollbar>
at <ElTable>
at <EmployeeVouchers>
at <BaseTransition>
at <Transition>
at <RouterView>
at <ElMain>
at <ElContainer>
at <ElContainer>
at <Layout>
at <RouterView>
at <App> [Object, Object, Object, Object, Object, Object, Object, Object, Object, Object, Object, Object, Object, Object, Object]
[2026-05-18T08:08:12.986Z] [warning] Invalid prop: custom validator check failed for prop "type". Proxy(Object) at <ElTag>
at <TableTdWrapper>
at <ElTableBody>
at <ElScrollbar>
at <ElTable>
at <EmployeeVouchers>
at <BaseTransition>
at <Transition>
at <RouterView>
at <ElMain>
at <ElContainer>
at <ElContainer>
at <Layout>
at <RouterView>
at <App> [Object, Object, Object, Object, Object, Object, Object, Object, Object, Object, Object, Object, Object, Object, Object]
[2026-05-18T08:08:12.986Z] [warning] Invalid prop: validation failed for prop "type". Expected one of ["primary", "success", "info", "warning", "danger"], got value "". Proxy(Object) at <ElTag>
at <TableTdWrapper>
at <ElTableBody>
at <ElScrollbar>
at <ElTable>
at <EmployeeVouchers>
at <BaseTransition>
at <Transition>
at <RouterView>
at <ElMain>
at <ElContainer>
at <ElContainer>
at <Layout>
at <RouterView>
at <App> [Object, Object, Object, Object, Object, Object, Object, Object, Object, Object, Object, Object, Object, Object, Object]
[2026-05-18T08:08:12.987Z] [warning] Invalid prop: custom validator check failed for prop "type". Proxy(Object) at <ElTag>
at <TableTdWrapper>
at <ElTableBody>
at <ElScrollbar>
at <ElTable>
at <EmployeeVouchers>
at <BaseTransition>
at <Transition>
at <RouterView>
at <ElMain>
at <ElContainer>
at <ElContainer>
at <Layout>
at <RouterView>
at <App> [Object, Object, Object, Object, Object, Object, Object, Object, Object, Object, Object, Object, Object, Object, Object]
[2026-05-18T08:08:12.988Z] [warning] Invalid prop: validation failed for prop "type". Expected one of ["primary", "success", "info", "warning", "danger"], got value "". Proxy(Object) at <ElTag>
at <TableTdWrapper>
at <ElTableBody>
at <ElScrollbar>
at <ElTable>
at <EmployeeVouchers>
at <BaseTransition>
at <Transition>
at <RouterView>
at <ElMain>
at <ElContainer>
at <ElContainer>
at <Layout>
at <RouterView>
at <App> [Object, Object, Object, Object, Object, Object, Object, Object, Object, Object, Object, Object, Object, Object, Object]
[2026-05-18T08:08:12.988Z] [warning] Invalid prop: custom validator check failed for prop "type". Proxy(Object) at <ElTag>
at <TableTdWrapper>
at <ElTableBody>
at <ElScrollbar>
at <ElTable>
at <EmployeeVouchers>
at <BaseTransition>
at <Transition>
at <RouterView>
at <ElMain>
at <ElContainer>
at <ElContainer>
at <Layout>
at <RouterView>
at <App> [Object, Object, Object, Object, Object, Object, Object, Object, Object, Object, Object, Object, Object, Object, Object]
[2026-05-18T08:08:12.989Z] [warning] Invalid prop: validation failed for prop "type". Expected one of ["primary", "success", "info", "warning", "danger"], got value "". Proxy(Object) at <ElTag>
at <TableTdWrapper>
at <ElTableBody>
at <ElScrollbar>
at <ElTable>
at <EmployeeVouchers>
at <BaseTransition>
at <Transition>
at <RouterView>
at <ElMain>
at <ElContainer>
at <ElContainer>
at <Layout>
at <RouterView>
at <App> [Object, Object, Object, Object, Object, Object, Object, Object, Object, Object, Object, Object, Object, Object, Object]
[2026-05-18T08:08:12.989Z] [warning] Invalid prop: custom validator check failed for prop "type". Proxy(Object) at <ElTag>
at <TableTdWrapper>
at <ElTableBody>
at <ElScrollbar>
at <ElTable>
at <EmployeeVouchers>
at <BaseTransition>
at <Transition>
at <RouterView>
at <ElMain>
at <ElContainer>
at <ElContainer>
at <Layout>
at <RouterView>
at <App> [Object, Object, Object, Object, Object, Object, Object, Object, Object, Object, Object, Object, Object, Object, Object]
[2026-05-18T08:08:12.989Z] [warning] Invalid prop: validation failed for prop "type". Expected one of ["primary", "success", "info", "warning", "danger"], got value "". Proxy(Object) at <ElTag>
at <TableTdWrapper>
at <ElTableBody>
at <ElScrollbar>
at <ElTable>
at <EmployeeVouchers>
at <BaseTransition>
at <Transition>
at <RouterView>
at <ElMain>
at <ElContainer>
at <ElContainer>
at <Layout>
at <RouterView>
at <App> [Object, Object, Object, Object, Object, Object, Object, Object, Object, Object, Object, Object, Object, Object, Object]
[2026-05-18T08:08:12.989Z] [warning] Invalid prop: custom validator check failed for prop "type". Proxy(Object) at <ElTag>
at <TableTdWrapper>
at <ElTableBody>
at <ElScrollbar>
at <ElTable>
at <EmployeeVouchers>
at <BaseTransition>
at <Transition>
at <RouterView>
at <ElMain>
at <ElContainer>
at <ElContainer>
at <Layout>
at <RouterView>
at <App> [Object, Object, Object, Object, Object, Object, Object, Object, Object, Object, Object, Object, Object, Object, Object]
[2026-05-18T08:08:12.990Z] [warning] Invalid prop: validation failed for prop "type". Expected one of ["primary", "success", "info", "warning", "danger"], got value "". Proxy(Object) at <ElTag>
at <TableTdWrapper>
at <ElTableBody>
at <ElScrollbar>
at <ElTable>
at <EmployeeVouchers>
at <BaseTransition>
at <Transition>
at <RouterView>
at <ElMain>
at <ElContainer>
at <ElContainer>
at <Layout>
at <RouterView>
at <App> [Object, Object, Object, Object, Object, Object, Object, Object, Object, Object, Object, Object, Object, Object, Object]
[2026-05-18T08:08:12.990Z] [warning] Invalid prop: custom validator check failed for prop "type". Proxy(Object) at <ElTag>
at <TableTdWrapper>
at <ElTableBody>
at <ElScrollbar>
at <ElTable>
at <EmployeeVouchers>
at <BaseTransition>
at <Transition>
at <RouterView>
at <ElMain>
at <ElContainer>
at <ElContainer>
at <Layout>
at <RouterView>
at <App> [Object, Object, Object, Object, Object, Object, Object, Object, Object, Object, Object, Object, Object, Object, Object]
[2026-05-18T08:08:12.995Z] [warning] Invalid prop: validation failed for prop "type". Expected one of ["primary", "success", "info", "warning", "danger"], got value "". Proxy(Object) at <ElTag>
at <TableTdWrapper>
at <ElTableBody>
at <ElScrollbar>
at <ElTable>
at <EmployeeVouchers>
at <BaseTransition>
at <Transition>
at <RouterView>
at <ElMain>
at <ElContainer>
at <ElContainer>
at <Layout>
at <RouterView>
at <App> [Object, Object, Object, Object, Object, Object, Object, Object, Object, Object, Object, Object, Object, Object, Object]
[2026-05-18T08:08:12.995Z] [warning] Invalid prop: custom validator check failed for prop "type". Proxy(Object) at <ElTag>
at <TableTdWrapper>
at <ElTableBody>
at <ElScrollbar>
at <ElTable>
at <EmployeeVouchers>
at <BaseTransition>
at <Transition>
at <RouterView>
at <ElMain>
at <ElContainer>
at <ElContainer>
at <Layout>
at <RouterView>
at <App> [Object, Object, Object, Object, Object, Object, Object, Object, Object, Object, Object, Object, Object, Object, Object]
[2026-05-18T08:08:12.995Z] [warning] Invalid prop: validation failed for prop "type". Expected one of ["primary", "success", "info", "warning", "danger"], got value "". Proxy(Object) at <ElTag>
at <TableTdWrapper>
at <ElTableBody>
at <ElScrollbar>
at <ElTable>
at <EmployeeVouchers>
at <BaseTransition>
at <Transition>
at <RouterView>
at <ElMain>
at <ElContainer>
at <ElContainer>
at <Layout>
at <RouterView>
at <App> [Object, Object, Object, Object, Object, Object, Object, Object, Object, Object, Object, Object, Object, Object, Object]
[2026-05-18T08:08:12.995Z] [warning] Invalid prop: custom validator check failed for prop "type". Proxy(Object) at <ElTag>
at <TableTdWrapper>
at <ElTableBody>
at <ElScrollbar>
at <ElTable>
at <EmployeeVouchers>
at <BaseTransition>
at <Transition>
at <RouterView>
at <ElMain>
at <ElContainer>
at <ElContainer>
at <Layout>
at <RouterView>
at <App> [Object, Object, Object, Object, Object, Object, Object, Object, Object, Object, Object, Object, Object, Object, Object]
[2026-05-18T08:08:12.996Z] [warning] Invalid prop: validation failed for prop "type". Expected one of ["primary", "success", "info", "warning", "danger"], got value "". Proxy(Object) at <ElTag>
at <TableTdWrapper>
at <ElTableBody>
at <ElScrollbar>
at <ElTable>
at <EmployeeVouchers>
at <BaseTransition>
at <Transition>
at <RouterView>
at <ElMain>
at <ElContainer>
at <ElContainer>
at <Layout>
at <RouterView>
at <App> [Object, Object, Object, Object, Object, Object, Object, Object, Object, Object, Object, Object, Object, Object, Object]
[2026-05-18T08:08:12.997Z] [warning] Invalid prop: custom validator check failed for prop "type". Proxy(Object) at <ElTag>
at <TableTdWrapper>
at <ElTableBody>
at <ElScrollbar>
at <ElTable>
at <EmployeeVouchers>
at <BaseTransition>
at <Transition>
at <RouterView>
at <ElMain>
at <ElContainer>
at <ElContainer>
at <Layout>
at <RouterView>
at <App> [Object, Object, Object, Object, Object, Object, Object, Object, Object, Object, Object, Object, Object, Object, Object]
[2026-05-18T08:08:12.998Z] [warning] Invalid prop: validation failed for prop "type". Expected one of ["primary", "success", "info", "warning", "danger"], got value "". Proxy(Object) at <ElTag>
at <TableTdWrapper>
at <ElTableBody>
at <ElScrollbar>
at <ElTable>
at <EmployeeVouchers>
at <BaseTransition>
at <Transition>
at <RouterView>
at <ElMain>
at <ElContainer>
at <ElContainer>
at <Layout>
at <RouterView>
at <App> [Object, Object, Object, Object, Object, Object, Object, Object, Object, Object, Object, Object, Object, Object, Object]
[2026-05-18T08:08:12.998Z] [warning] Invalid prop: custom validator check failed for prop "type". Proxy(Object) at <ElTag>
at <TableTdWrapper>
at <ElTableBody>
at <ElScrollbar>
at <ElTable>
at <EmployeeVouchers>
at <BaseTransition>
at <Transition>
at <RouterView>
at <ElMain>
at <ElContainer>
at <ElContainer>
at <Layout>
at <RouterView>
at <App> [Object, Object, Object, Object, Object, Object, Object, Object, Object, Object, Object, Object, Object, Object, Object]
[2026-05-18T08:08:13.000Z] [warning] Invalid prop: validation failed for prop "type". Expected one of ["primary", "success", "info", "warning", "danger"], got value "". Proxy(Object) at <ElTag>
at <TableTdWrapper>
at <ElTableBody>
at <ElScrollbar>
at <ElTable>
at <EmployeeVouchers>
at <BaseTransition>
at <Transition>
at <RouterView>
at <ElMain>
at <ElContainer>
at <ElContainer>
at <Layout>
at <RouterView>
at <App> [Object, Object, Object, Object, Object, Object, Object, Object, Object, Object, Object, Object, Object, Object, Object]
[2026-05-18T08:08:13.000Z] [warning] Invalid prop: custom validator check failed for prop "type". Proxy(Object) at <ElTag>
at <TableTdWrapper>
at <ElTableBody>
at <ElScrollbar>
at <ElTable>
at <EmployeeVouchers>
at <BaseTransition>
at <Transition>
at <RouterView>
at <ElMain>
at <ElContainer>
at <ElContainer>
at <Layout>
at <RouterView>
at <App> [Object, Object, Object, Object, Object, Object, Object, Object, Object, Object, Object, Object, Object, Object, Object]
[2026-05-18T08:08:13.000Z] [warning] Invalid prop: validation failed for prop "type". Expected one of ["primary", "success", "info", "warning", "danger"], got value "". Proxy(Object) at <ElTag>
at <TableTdWrapper>
at <ElTableBody>
at <ElScrollbar>
at <ElTable>
at <EmployeeVouchers>
at <BaseTransition>
at <Transition>
at <RouterView>
at <ElMain>
at <ElContainer>
at <ElContainer>
at <Layout>
at <RouterView>
at <App> [Object, Object, Object, Object, Object, Object, Object, Object, Object, Object, Object, Object, Object, Object, Object]
[2026-05-18T08:08:13.000Z] [warning] Invalid prop: custom validator check failed for prop "type". Proxy(Object) at <ElTag>
at <TableTdWrapper>
at <ElTableBody>
at <ElScrollbar>
at <ElTable>
at <EmployeeVouchers>
at <BaseTransition>
at <Transition>
at <RouterView>
at <ElMain>
at <ElContainer>
at <ElContainer>
at <Layout>
at <RouterView>
at <App> [Object, Object, Object, Object, Object, Object, Object, Object, Object, Object, Object, Object, Object, Object, Object]
[2026-05-18T08:08:13.004Z] [warning] Invalid prop: validation failed for prop "type". Expected one of ["primary", "success", "info", "warning", "danger"], got value "". Proxy(Object) at <ElTag>
at <TableTdWrapper>
at <ElTableBody>
at <ElScrollbar>
at <ElTable>
at <EmployeeVouchers>
at <BaseTransition>
at <Transition>
at <RouterView>
at <ElMain>
at <ElContainer>
at <ElContainer>
at <Layout>
at <RouterView>
at <App> [Object, Object, Object, Object, Object, Object, Object, Object, Object, Object, Object, Object, Object, Object, Object]
[2026-05-18T08:08:13.004Z] [warning] Invalid prop: custom validator check failed for prop "type". Proxy(Object) at <ElTag>
at <TableTdWrapper>
at <ElTableBody>
at <ElScrollbar>
at <ElTable>
at <EmployeeVouchers>
at <BaseTransition>
at <Transition>
at <RouterView>
at <ElMain>
at <ElContainer>
at <ElContainer>
at <Layout>
at <RouterView>
at <App> [Object, Object, Object, Object, Object, Object, Object, Object, Object, Object, Object, Object, Object, Object, Object]
[2026-05-18T08:08:13.004Z] [warning] Invalid prop: validation failed for prop "type". Expected one of ["primary", "success", "info", "warning", "danger"], got value "". Proxy(Object) at <ElTag>
at <TableTdWrapper>
at <ElTableBody>
at <ElScrollbar>
at <ElTable>
at <EmployeeVouchers>
at <BaseTransition>
at <Transition>
at <RouterView>
at <ElMain>
at <ElContainer>
at <ElContainer>
at <Layout>
at <RouterView>
at <App> [Object, Object, Object, Object, Object, Object, Object, Object, Object, Object, Object, Object, Object, Object, Object]
[2026-05-18T08:08:13.004Z] [warning] Invalid prop: custom validator check failed for prop "type". Proxy(Object) at <ElTag>
at <TableTdWrapper>
at <ElTableBody>
at <ElScrollbar>
at <ElTable>
at <EmployeeVouchers>
at <BaseTransition>
at <Transition>
at <RouterView>
at <ElMain>
at <ElContainer>
at <ElContainer>
at <Layout>
at <RouterView>
at <App> [Object, Object, Object, Object, Object, Object, Object, Object, Object, Object, Object, Object, Object, Object, Object]
[2026-05-18T08:08:13.005Z] [warning] Invalid prop: validation failed for prop "type". Expected one of ["primary", "success", "info", "warning", "danger"], got value "". Proxy(Object) at <ElTag>
at <TableTdWrapper>
at <ElTableBody>
at <ElScrollbar>
at <ElTable>
at <EmployeeVouchers>
at <BaseTransition>
at <Transition>
at <RouterView>
at <ElMain>
at <ElContainer>
at <ElContainer>
at <Layout>
at <RouterView>
at <App> [Object, Object, Object, Object, Object, Object, Object, Object, Object, Object, Object, Object, Object, Object, Object]
[2026-05-18T08:08:13.005Z] [warning] Invalid prop: custom validator check failed for prop "type". Proxy(Object) at <ElTag>
at <TableTdWrapper>
at <ElTableBody>
at <ElScrollbar>
at <ElTable>
at <EmployeeVouchers>
at <BaseTransition>
at <Transition>
at <RouterView>
at <ElMain>
at <ElContainer>
at <ElContainer>
at <Layout>
at <RouterView>
at <App> [Object, Object, Object, Object, Object, Object, Object, Object, Object, Object, Object, Object, Object, Object, Object]
[2026-05-18T08:08:13.006Z] [warning] Invalid prop: validation failed for prop "type". Expected one of ["primary", "success", "info", "warning", "danger"], got value "". Proxy(Object) at <ElTag>
at <TableTdWrapper>
at <ElTableBody>
at <ElScrollbar>
at <ElTable>
at <EmployeeVouchers>
at <BaseTransition>
at <Transition>
at <RouterView>
at <ElMain>
at <ElContainer>
at <ElContainer>
at <Layout>
at <RouterView>
at <App> [Object, Object, Object, Object, Object, Object, Object, Object, Object, Object, Object, Object, Object, Object, Object]
[2026-05-18T08:08:13.006Z] [warning] Invalid prop: custom validator check failed for prop "type". Proxy(Object) at <ElTag>
at <TableTdWrapper>
at <ElTableBody>
at <ElScrollbar>
at <ElTable>
at <EmployeeVouchers>
at <BaseTransition>
at <Transition>
at <RouterView>
at <ElMain>
at <ElContainer>
at <ElContainer>
at <Layout>
at <RouterView>
at <App> [Object, Object, Object, Object, Object, Object, Object, Object, Object, Object, Object, Object, Object, Object, Object]
[2026-05-18T08:08:13.007Z] [warning] Invalid prop: validation failed for prop "type". Expected one of ["primary", "success", "info", "warning", "danger"], got value "". Proxy(Object) at <ElTag>
at <TableTdWrapper>
at <ElTableBody>
at <ElScrollbar>
at <ElTable>
at <EmployeeVouchers>
at <BaseTransition>
at <Transition>
at <RouterView>
at <ElMain>
at <ElContainer>
at <ElContainer>
at <Layout>
at <RouterView>
at <App> [Object, Object, Object, Object, Object, Object, Object, Object, Object, Object, Object, Object, Object, Object, Object]
[2026-05-18T08:08:13.007Z] [warning] Invalid prop: custom validator check failed for prop "type". Proxy(Object) at <ElTag>
at <TableTdWrapper>
at <ElTableBody>
at <ElScrollbar>
at <ElTable>
at <EmployeeVouchers>
at <BaseTransition>
at <Transition>
at <RouterView>
at <ElMain>
at <ElContainer>
at <ElContainer>
at <Layout>
at <RouterView>
at <App> [Object, Object, Object, Object, Object, Object, Object, Object, Object, Object, Object, Object, Object, Object, Object]
[2026-05-18T08:08:13.008Z] [warning] Invalid prop: validation failed for prop "type". Expected one of ["primary", "success", "info", "warning", "danger"], got value "". Proxy(Object) at <ElTag>
at <TableTdWrapper>
at <ElTableBody>
at <ElScrollbar>
at <ElTable>
at <EmployeeVouchers>
at <BaseTransition>
at <Transition>
at <RouterView>
at <ElMain>
at <ElContainer>
at <ElContainer>
at <Layout>
at <RouterView>
at <App> [Object, Object, Object, Object, Object, Object, Object, Object, Object, Object, Object, Object, Object, Object, Object]
[2026-05-18T08:08:13.008Z] [warning] Invalid prop: custom validator check failed for prop "type". Proxy(Object) at <ElTag>
at <TableTdWrapper>
at <ElTableBody>
at <ElScrollbar>
at <ElTable>
at <EmployeeVouchers>
at <BaseTransition>
at <Transition>
at <RouterView>
at <ElMain>
at <ElContainer>
at <ElContainer>
at <Layout>
at <RouterView>
at <App> [Object, Object, Object, Object, Object, Object, Object, Object, Object, Object, Object, Object, Object, Object, Object]
[2026-05-18T08:08:13.012Z] [warning] Invalid prop: validation failed for prop "type". Expected one of ["primary", "success", "info", "warning", "danger"], got value "". Proxy(Object) at <ElTag>
at <TableTdWrapper>
at <ElTableBody>
at <ElScrollbar>
at <ElTable>
at <EmployeeVouchers>
at <BaseTransition>
at <Transition>
at <RouterView>
at <ElMain>
at <ElContainer>
at <ElContainer>
at <Layout>
at <RouterView>
at <App> [Object, Object, Object, Object, Object, Object, Object, Object, Object, Object, Object, Object, Object, Object, Object]
[2026-05-18T08:08:13.012Z] [warning] Invalid prop: custom validator check failed for prop "type". Proxy(Object) at <ElTag>
at <TableTdWrapper>
at <ElTableBody>
at <ElScrollbar>
at <ElTable>
at <EmployeeVouchers>
at <BaseTransition>
at <Transition>
at <RouterView>
at <ElMain>
at <ElContainer>
at <ElContainer>
at <Layout>
at <RouterView>
at <App> [Object, Object, Object, Object, Object, Object, Object, Object, Object, Object, Object, Object, Object, Object, Object]
[2026-05-18T08:08:13.012Z] [warning] Invalid prop: validation failed for prop "type". Expected one of ["primary", "success", "info", "warning", "danger"], got value "". Proxy(Object) at <ElTag>
at <TableTdWrapper>
at <ElTableBody>
at <ElScrollbar>
at <ElTable>
at <EmployeeVouchers>
at <BaseTransition>
at <Transition>
at <RouterView>
at <ElMain>
at <ElContainer>
at <ElContainer>
at <Layout>
at <RouterView>
at <App> [Object, Object, Object, Object, Object, Object, Object, Object, Object, Object, Object, Object, Object, Object, Object]
[2026-05-18T08:08:13.013Z] [warning] Invalid prop: custom validator check failed for prop "type". Proxy(Object) at <ElTag>
at <TableTdWrapper>
at <ElTableBody>
at <ElScrollbar>
at <ElTable>
at <EmployeeVouchers>
at <BaseTransition>
at <Transition>
at <RouterView>
at <ElMain>
at <ElContainer>
at <ElContainer>
at <Layout>
at <RouterView>
at <App> [Object, Object, Object, Object, Object, Object, Object, Object, Object, Object, Object, Object, Object, Object, Object]
[2026-05-18T08:08:13.014Z] [warning] Invalid prop: validation failed for prop "type". Expected one of ["primary", "success", "info", "warning", "danger"], got value "". Proxy(Object) at <ElTag>
at <TableTdWrapper>
at <ElTableBody>
at <ElScrollbar>
at <ElTable>
at <EmployeeVouchers>
at <BaseTransition>
at <Transition>
at <RouterView>
at <ElMain>
at <ElContainer>
at <ElContainer>
at <Layout>
at <RouterView>
at <App> [Object, Object, Object, Object, Object, Object, Object, Object, Object, Object, Object, Object, Object, Object, Object]
[2026-05-18T08:08:13.014Z] [warning] Invalid prop: custom validator check failed for prop "type". Proxy(Object) at <ElTag>
at <TableTdWrapper>
at <ElTableBody>
at <ElScrollbar>
at <ElTable>
at <EmployeeVouchers>
at <BaseTransition>
at <Transition>
at <RouterView>
at <ElMain>
at <ElContainer>
at <ElContainer>
at <Layout>
at <RouterView>
at <App> [Object, Object, Object, Object, Object, Object, Object, Object, Object, Object, Object, Object, Object, Object, Object]
[2026-05-18T08:08:13.014Z] [warning] Invalid prop: validation failed for prop "type". Expected one of ["primary", "success", "info", "warning", "danger"], got value "". Proxy(Object) at <ElTag>
at <TableTdWrapper>
at <ElTableBody>
at <ElScrollbar>
at <ElTable>
at <EmployeeVouchers>
at <BaseTransition>
at <Transition>
at <RouterView>
at <ElMain>
at <ElContainer>
at <ElContainer>
at <Layout>
at <RouterView>
at <App> [Object, Object, Object, Object, Object, Object, Object, Object, Object, Object, Object, Object, Object, Object, Object]
[2026-05-18T08:08:13.014Z] [warning] Invalid prop: custom validator check failed for prop "type". Proxy(Object) at <ElTag>
at <TableTdWrapper>
at <ElTableBody>
at <ElScrollbar>
at <ElTable>
at <EmployeeVouchers>
at <BaseTransition>
at <Transition>
at <RouterView>
at <ElMain>
at <ElContainer>
at <ElContainer>
at <Layout>
at <RouterView>
at <App> [Object, Object, Object, Object, Object, Object, Object, Object, Object, Object, Object, Object, Object, Object, Object]
[2026-05-18T08:08:13.015Z] [warning] Invalid prop: validation failed for prop "type". Expected one of ["primary", "success", "info", "warning", "danger"], got value "". Proxy(Object) at <ElTag>
at <TableTdWrapper>
at <ElTableBody>
at <ElScrollbar>
at <ElTable>
at <EmployeeVouchers>
at <BaseTransition>
at <Transition>
at <RouterView>
at <ElMain>
at <ElContainer>
at <ElContainer>
at <Layout>
at <RouterView>
at <App> [Object, Object, Object, Object, Object, Object, Object, Object, Object, Object, Object, Object, Object, Object, Object]
[2026-05-18T08:08:13.015Z] [warning] Invalid prop: custom validator check failed for prop "type". Proxy(Object) at <ElTag>
at <TableTdWrapper>
at <ElTableBody>
at <ElScrollbar>
at <ElTable>
at <EmployeeVouchers>
at <BaseTransition>
at <Transition>
at <RouterView>
at <ElMain>
at <ElContainer>
at <ElContainer>
at <Layout>
at <RouterView>
at <App> [Object, Object, Object, Object, Object, Object, Object, Object, Object, Object, Object, Object, Object, Object, Object]
[2026-05-18T08:08:13.017Z] [warning] Invalid prop: validation failed for prop "type". Expected one of ["primary", "success", "info", "warning", "danger"], got value "". Proxy(Object) at <ElTag>
at <TableTdWrapper>
at <ElTableBody>
at <ElScrollbar>
at <ElTable>
at <EmployeeVouchers>
at <BaseTransition>
at <Transition>
at <RouterView>
at <ElMain>
at <ElContainer>
at <ElContainer>
at <Layout>
at <RouterView>
at <App> [Object, Object, Object, Object, Object, Object, Object, Object, Object, Object, Object, Object, Object, Object, Object]
[2026-05-18T08:08:13.017Z] [warning] Invalid prop: custom validator check failed for prop "type". Proxy(Object) at <ElTag>
at <TableTdWrapper>
at <ElTableBody>
at <ElScrollbar>
at <ElTable>
at <EmployeeVouchers>
at <BaseTransition>
at <Transition>
at <RouterView>
at <ElMain>
at <ElContainer>
at <ElContainer>
at <Layout>
at <RouterView>
at <App> [Object, Object, Object, Object, Object, Object, Object, Object, Object, Object, Object, Object, Object, Object, Object]
[2026-05-18T08:08:13.213Z] [warning] Invalid prop: validation failed for prop "type". Expected one of ["primary", "success", "info", "warning", "danger"], got value "". Proxy(Object) at <ElTag>
at <TableTdWrapper>
at <ElTableBody>
at <ElScrollbar>
at <ElTable>
at <EmployeeVouchers>
at <BaseTransition>
at <Transition>
at <RouterView>
at <ElMain>
at <ElContainer>
at <ElContainer>
at <Layout>
at <RouterView>
at <App> [Object, Object, Object, Object, Object, Object, Object, Object, Object, Object, Object, Object, Object, Object, Object]
[2026-05-18T08:08:13.213Z] [warning] Invalid prop: custom validator check failed for prop "type". Proxy(Object) at <ElTag>
at <TableTdWrapper>
at <ElTableBody>
at <ElScrollbar>
at <ElTable>
at <EmployeeVouchers>
at <BaseTransition>
at <Transition>
at <RouterView>
at <ElMain>
at <ElContainer>
at <ElContainer>
at <Layout>
at <RouterView>
at <App> [Object, Object, Object, Object, Object, Object, Object, Object, Object, Object, Object, Object, Object, Object, Object]
[2026-05-18T08:08:13.214Z] [warning] Invalid prop: validation failed for prop "type". Expected one of ["primary", "success", "info", "warning", "danger"], got value "". Proxy(Object) at <ElTag>
at <TableTdWrapper>
at <ElTableBody>
at <ElScrollbar>
at <ElTable>
at <EmployeeVouchers>
at <BaseTransition>
at <Transition>
at <RouterView>
at <ElMain>
at <ElContainer>
at <ElContainer>
at <Layout>
at <RouterView>
at <App> [Object, Object, Object, Object, Object, Object, Object, Object, Object, Object, Object, Object, Object, Object, Object]
[2026-05-18T08:08:13.216Z] [warning] Invalid prop: custom validator check failed for prop "type". Proxy(Object) at <ElTag>
at <TableTdWrapper>
at <ElTableBody>
at <ElScrollbar>
at <ElTable>
at <EmployeeVouchers>
at <BaseTransition>
at <Transition>
at <RouterView>
at <ElMain>
at <ElContainer>
at <ElContainer>
at <Layout>
at <RouterView>
at <App> [Object, Object, Object, Object, Object, Object, Object, Object, Object, Object, Object, Object, Object, Object, Object]
[2026-05-18T08:08:13.217Z] [warning] Invalid prop: validation failed for prop "type". Expected one of ["primary", "success", "info", "warning", "danger"], got value "". Proxy(Object) at <ElTag>
at <TableTdWrapper>
at <ElTableBody>
at <ElScrollbar>
at <ElTable>
at <EmployeeVouchers>
at <BaseTransition>
at <Transition>
at <RouterView>
at <ElMain>
at <ElContainer>
at <ElContainer>
at <Layout>
at <RouterView>
at <App> [Object, Object, Object, Object, Object, Object, Object, Object, Object, Object, Object, Object, Object, Object, Object]
[2026-05-18T08:08:13.217Z] [warning] Invalid prop: custom validator check failed for prop "type". Proxy(Object) at <ElTag>
at <TableTdWrapper>
at <ElTableBody>
at <ElScrollbar>
at <ElTable>
at <EmployeeVouchers>
at <BaseTransition>
at <Transition>
at <RouterView>
at <ElMain>
at <ElContainer>
at <ElContainer>
at <Layout>
at <RouterView>
at <App> [Object, Object, Object, Object, Object, Object, Object, Object, Object, Object, Object, Object, Object, Object, Object]
[2026-05-18T08:08:13.217Z] [warning] Invalid prop: validation failed for prop "type". Expected one of ["primary", "success", "info", "warning", "danger"], got value "". Proxy(Object) at <ElTag>
at <TableTdWrapper>
at <ElTableBody>
at <ElScrollbar>
at <ElTable>
at <EmployeeVouchers>
at <BaseTransition>
at <Transition>
at <RouterView>
at <ElMain>
at <ElContainer>
at <ElContainer>
at <Layout>
at <RouterView>
at <App> [Object, Object, Object, Object, Object, Object, Object, Object, Object, Object, Object, Object, Object, Object, Object]
[2026-05-18T08:08:13.217Z] [warning] Invalid prop: custom validator check failed for prop "type". Proxy(Object) at <ElTag>
at <TableTdWrapper>
at <ElTableBody>
at <ElScrollbar>
at <ElTable>
at <EmployeeVouchers>
at <BaseTransition>
at <Transition>
at <RouterView>
at <ElMain>
at <ElContainer>
at <ElContainer>
at <Layout>
at <RouterView>
at <App> [Object, Object, Object, Object, Object, Object, Object, Object, Object, Object, Object, Object, Object, Object, Object]
[2026-05-18T08:08:13.218Z] [warning] Invalid prop: validation failed for prop "type". Expected one of ["primary", "success", "info", "warning", "danger"], got value "". Proxy(Object) at <ElTag>
at <TableTdWrapper>
at <ElTableBody>
at <ElScrollbar>
at <ElTable>
at <EmployeeVouchers>
at <BaseTransition>
at <Transition>
at <RouterView>
at <ElMain>
at <ElContainer>
at <ElContainer>
at <Layout>
at <RouterView>
at <App> [Object, Object, Object, Object, Object, Object, Object, Object, Object, Object, Object, Object, Object, Object, Object]
[2026-05-18T08:08:13.218Z] [warning] Invalid prop: custom validator check failed for prop "type". Proxy(Object) at <ElTag>
at <TableTdWrapper>
at <ElTableBody>
at <ElScrollbar>
at <ElTable>
at <EmployeeVouchers>
at <BaseTransition>
at <Transition>
at <RouterView>
at <ElMain>
at <ElContainer>
at <ElContainer>
at <Layout>
at <RouterView>
at <App> [Object, Object, Object, Object, Object, Object, Object, Object, Object, Object, Object, Object, Object, Object, Object]
[2026-05-18T08:08:13.218Z] [warning] Invalid prop: validation failed for prop "type". Expected one of ["primary", "success", "info", "warning", "danger"], got value "". Proxy(Object) at <ElTag>
at <TableTdWrapper>
at <ElTableBody>
at <ElScrollbar>
at <ElTable>
at <EmployeeVouchers>
at <BaseTransition>
at <Transition>
at <RouterView>
at <ElMain>
at <ElContainer>
at <ElContainer>
at <Layout>
at <RouterView>
at <App> [Object, Object, Object, Object, Object, Object, Object, Object, Object, Object, Object, Object, Object, Object, Object]
[2026-05-18T08:08:13.218Z] [warning] Invalid prop: custom validator check failed for prop "type". Proxy(Object) at <ElTag>
at <TableTdWrapper>
at <ElTableBody>
at <ElScrollbar>
at <ElTable>
at <EmployeeVouchers>
at <BaseTransition>
at <Transition>
at <RouterView>
at <ElMain>
at <ElContainer>
at <ElContainer>
at <Layout>
at <RouterView>
at <App> [Object, Object, Object, Object, Object, Object, Object, Object, Object, Object, Object, Object, Object, Object, Object]
[2026-05-18T08:08:13.220Z] [warning] Invalid prop: validation failed for prop "type". Expected one of ["primary", "success", "info", "warning", "danger"], got value "". Proxy(Object) at <ElTag>
at <TableTdWrapper>
at <ElTableBody>
at <ElScrollbar>
at <ElTable>
at <EmployeeVouchers>
at <BaseTransition>
at <Transition>
at <RouterView>
at <ElMain>
at <ElContainer>
at <ElContainer>
at <Layout>
at <RouterView>
at <App> [Object, Object, Object, Object, Object, Object, Object, Object, Object, Object, Object, Object, Object, Object, Object]
[2026-05-18T08:08:13.220Z] [warning] Invalid prop: custom validator check failed for prop "type". Proxy(Object) at <ElTag>
at <TableTdWrapper>
at <ElTableBody>
at <ElScrollbar>
at <ElTable>
at <EmployeeVouchers>
at <BaseTransition>
at <Transition>
at <RouterView>
at <ElMain>
at <ElContainer>
at <ElContainer>
at <Layout>
at <RouterView>
at <App> [Object, Object, Object, Object, Object, Object, Object, Object, Object, Object, Object, Object, Object, Object, Object]
[2026-05-18T08:08:13.220Z] [warning] Invalid prop: validation failed for prop "type". Expected one of ["primary", "success", "info", "warning", "danger"], got value "". Proxy(Object) at <ElTag>
at <TableTdWrapper>
at <ElTableBody>
at <ElScrollbar>
at <ElTable>
at <EmployeeVouchers>
at <BaseTransition>
at <Transition>
at <RouterView>
at <ElMain>
at <ElContainer>
at <ElContainer>
at <Layout>
at <RouterView>
at <App> [Object, Object, Object, Object, Object, Object, Object, Object, Object, Object, Object, Object, Object, Object, Object]
[2026-05-18T08:08:13.221Z] [warning] Invalid prop: custom validator check failed for prop "type". Proxy(Object) at <ElTag>
at <TableTdWrapper>
at <ElTableBody>
at <ElScrollbar>
at <ElTable>
at <EmployeeVouchers>
at <BaseTransition>
at <Transition>
at <RouterView>
at <ElMain>
at <ElContainer>
at <ElContainer>
at <Layout>
at <RouterView>
at <App> [Object, Object, Object, Object, Object, Object, Object, Object, Object, Object, Object, Object, Object, Object, Object]
[2026-05-18T08:08:13.222Z] [warning] Invalid prop: validation failed for prop "type". Expected one of ["primary", "success", "info", "warning", "danger"], got value "". Proxy(Object) at <ElTag>
at <TableTdWrapper>
at <ElTableBody>
at <ElScrollbar>
at <ElTable>
at <EmployeeVouchers>
at <BaseTransition>
at <Transition>
at <RouterView>
at <ElMain>
at <ElContainer>
at <ElContainer>
at <Layout>
at <RouterView>
at <App> [Object, Object, Object, Object, Object, Object, Object, Object, Object, Object, Object, Object, Object, Object, Object]
[2026-05-18T08:08:13.222Z] [warning] Invalid prop: custom validator check failed for prop "type". Proxy(Object) at <ElTag>
at <TableTdWrapper>
at <ElTableBody>
at <ElScrollbar>
at <ElTable>
at <EmployeeVouchers>
at <BaseTransition>
at <Transition>
at <RouterView>
at <ElMain>
at <ElContainer>
at <ElContainer>
at <Layout>
at <RouterView>
at <App> [Object, Object, Object, Object, Object, Object, Object, Object, Object, Object, Object, Object, Object, Object, Object]
[2026-05-18T08:08:13.222Z] [warning] Invalid prop: validation failed for prop "type". Expected one of ["primary", "success", "info", "warning", "danger"], got value "". Proxy(Object) at <ElTag>
at <TableTdWrapper>
at <ElTableBody>
at <ElScrollbar>
at <ElTable>
at <EmployeeVouchers>
at <BaseTransition>
at <Transition>
at <RouterView>
at <ElMain>
at <ElContainer>
at <ElContainer>
at <Layout>
at <RouterView>
at <App> [Object, Object, Object, Object, Object, Object, Object, Object, Object, Object, Object, Object, Object, Object, Object]
[2026-05-18T08:08:13.222Z] [warning] Invalid prop: custom validator check failed for prop "type". Proxy(Object) at <ElTag>
at <TableTdWrapper>
at <ElTableBody>
at <ElScrollbar>
at <ElTable>
at <EmployeeVouchers>
at <BaseTransition>
at <Transition>
at <RouterView>
at <ElMain>
at <ElContainer>
at <ElContainer>
at <Layout>
at <RouterView>
at <App> [Object, Object, Object, Object, Object, Object, Object, Object, Object, Object, Object, Object, Object, Object, Object]
[2026-05-18T08:08:13.223Z] [warning] Invalid prop: validation failed for prop "type". Expected one of ["primary", "success", "info", "warning", "danger"], got value "". Proxy(Object) at <ElTag>
at <TableTdWrapper>
at <ElTableBody>
at <ElScrollbar>
at <ElTable>
at <EmployeeVouchers>
at <BaseTransition>
at <Transition>
at <RouterView>
at <ElMain>
at <ElContainer>
at <ElContainer>
at <Layout>
at <RouterView>
at <App> [Object, Object, Object, Object, Object, Object, Object, Object, Object, Object, Object, Object, Object, Object, Object]
[2026-05-18T08:08:13.223Z] [warning] Invalid prop: custom validator check failed for prop "type". Proxy(Object) at <ElTag>
at <TableTdWrapper>
at <ElTableBody>
at <ElScrollbar>
at <ElTable>
at <EmployeeVouchers>
at <BaseTransition>
at <Transition>
at <RouterView>
at <ElMain>
at <ElContainer>
at <ElContainer>
at <Layout>
at <RouterView>
at <App> [Object, Object, Object, Object, Object, Object, Object, Object, Object, Object, Object, Object, Object, Object, Object]
[2026-05-18T08:08:13.223Z] [warning] Invalid prop: validation failed for prop "type". Expected one of ["primary", "success", "info", "warning", "danger"], got value "". Proxy(Object) at <ElTag>
at <TableTdWrapper>
at <ElTableBody>
at <ElScrollbar>
at <ElTable>
at <EmployeeVouchers>
at <BaseTransition>
at <Transition>
at <RouterView>
at <ElMain>
at <ElContainer>
at <ElContainer>
at <Layout>
at <RouterView>
at <App> [Object, Object, Object, Object, Object, Object, Object, Object, Object, Object, Object, Object, Object, Object, Object]
[2026-05-18T08:08:13.224Z] [warning] Invalid prop: custom validator check failed for prop "type". Proxy(Object) at <ElTag>
at <TableTdWrapper>
at <ElTableBody>
at <ElScrollbar>
at <ElTable>
at <EmployeeVouchers>
at <BaseTransition>
at <Transition>
at <RouterView>
at <ElMain>
at <ElContainer>
at <ElContainer>
at <Layout>
at <RouterView>
at <App> [Object, Object, Object, Object, Object, Object, Object, Object, Object, Object, Object, Object, Object, Object, Object]
[2026-05-18T08:08:13.229Z] [warning] Invalid prop: validation failed for prop "type". Expected one of ["primary", "success", "info", "warning", "danger"], got value "". Proxy(Object) at <ElTag>
at <TableTdWrapper>
at <ElTableBody>
at <ElScrollbar>
at <ElTable>
at <EmployeeVouchers>
at <BaseTransition>
at <Transition>
at <RouterView>
at <ElMain>
at <ElContainer>
at <ElContainer>
at <Layout>
at <RouterView>
at <App> [Object, Object, Object, Object, Object, Object, Object, Object, Object, Object, Object, Object, Object, Object, Object]
[2026-05-18T08:08:13.229Z] [warning] Invalid prop: custom validator check failed for prop "type". Proxy(Object) at <ElTag>
at <TableTdWrapper>
at <ElTableBody>
at <ElScrollbar>
at <ElTable>
at <EmployeeVouchers>
at <BaseTransition>
at <Transition>
at <RouterView>
at <ElMain>
at <ElContainer>
at <ElContainer>
at <Layout>
at <RouterView>
at <App> [Object, Object, Object, Object, Object, Object, Object, Object, Object, Object, Object, Object, Object, Object, Object]
[2026-05-18T08:08:13.229Z] [warning] Invalid prop: validation failed for prop "type". Expected one of ["primary", "success", "info", "warning", "danger"], got value "". Proxy(Object) at <ElTag>
at <TableTdWrapper>
at <ElTableBody>
at <ElScrollbar>
at <ElTable>
at <EmployeeVouchers>
at <BaseTransition>
at <Transition>
at <RouterView>
at <ElMain>
at <ElContainer>
at <ElContainer>
at <Layout>
at <RouterView>
at <App> [Object, Object, Object, Object, Object, Object, Object, Object, Object, Object, Object, Object, Object, Object, Object]
[2026-05-18T08:08:13.230Z] [warning] Invalid prop: custom validator check failed for prop "type". Proxy(Object) at <ElTag>
at <TableTdWrapper>
at <ElTableBody>
at <ElScrollbar>
at <ElTable>
at <EmployeeVouchers>
at <BaseTransition>
at <Transition>
at <RouterView>
at <ElMain>
at <ElContainer>
at <ElContainer>
at <Layout>
at <RouterView>
at <App> [Object, Object, Object, Object, Object, Object, Object, Object, Object, Object, Object, Object, Object, Object, Object]
[2026-05-18T08:08:13.232Z] [warning] Invalid prop: validation failed for prop "type". Expected one of ["primary", "success", "info", "warning", "danger"], got value "". Proxy(Object) at <ElTag>
at <TableTdWrapper>
at <ElTableBody>
at <ElScrollbar>
at <ElTable>
at <EmployeeVouchers>
at <BaseTransition>
at <Transition>
at <RouterView>
at <ElMain>
at <ElContainer>
at <ElContainer>
at <Layout>
at <RouterView>
at <App> [Object, Object, Object, Object, Object, Object, Object, Object, Object, Object, Object, Object, Object, Object, Object]
[2026-05-18T08:08:13.232Z] [warning] Invalid prop: custom validator check failed for prop "type". Proxy(Object) at <ElTag>
at <TableTdWrapper>
at <ElTableBody>
at <ElScrollbar>
at <ElTable>
at <EmployeeVouchers>
at <BaseTransition>
at <Transition>
at <RouterView>
at <ElMain>
at <ElContainer>
at <ElContainer>
at <Layout>
at <RouterView>
at <App> [Object, Object, Object, Object, Object, Object, Object, Object, Object, Object, Object, Object, Object, Object, Object]
[2026-05-18T08:08:13.233Z] [warning] Invalid prop: validation failed for prop "type". Expected one of ["primary", "success", "info", "warning", "danger"], got value "". Proxy(Object) at <ElTag>
at <TableTdWrapper>
at <ElTableBody>
at <ElScrollbar>
at <ElTable>
at <EmployeeVouchers>
at <BaseTransition>
at <Transition>
at <RouterView>
at <ElMain>
at <ElContainer>
at <ElContainer>
at <Layout>
at <RouterView>
at <App> [Object, Object, Object, Object, Object, Object, Object, Object, Object, Object, Object, Object, Object, Object, Object]
[2026-05-18T08:08:13.233Z] [warning] Invalid prop: custom validator check failed for prop "type". Proxy(Object) at <ElTag>
at <TableTdWrapper>
at <ElTableBody>
at <ElScrollbar>
at <ElTable>
at <EmployeeVouchers>
at <BaseTransition>
at <Transition>
at <RouterView>
at <ElMain>
at <ElContainer>
at <ElContainer>
at <Layout>
at <RouterView>
at <App> [Object, Object, Object, Object, Object, Object, Object, Object, Object, Object, Object, Object, Object, Object, Object]
[2026-05-18T08:08:13.233Z] [warning] Invalid prop: validation failed for prop "type". Expected one of ["primary", "success", "info", "warning", "danger"], got value "". Proxy(Object) at <ElTag>
at <TableTdWrapper>
at <ElTableBody>
at <ElScrollbar>
at <ElTable>
at <EmployeeVouchers>
at <BaseTransition>
at <Transition>
at <RouterView>
at <ElMain>
at <ElContainer>
at <ElContainer>
at <Layout>
at <RouterView>
at <App> [Object, Object, Object, Object, Object, Object, Object, Object, Object, Object, Object, Object, Object, Object, Object]
[2026-05-18T08:08:13.233Z] [warning] Invalid prop: custom validator check failed for prop "type". Proxy(Object) at <ElTag>
at <TableTdWrapper>
at <ElTableBody>
at <ElScrollbar>
at <ElTable>
at <EmployeeVouchers>
at <BaseTransition>
at <Transition>
at <RouterView>
at <ElMain>
at <ElContainer>
at <ElContainer>
at <Layout>
at <RouterView>
at <App> [Object, Object, Object, Object, Object, Object, Object, Object, Object, Object, Object, Object, Object, Object, Object]
[2026-05-18T08:08:13.234Z] [warning] Invalid prop: validation failed for prop "type". Expected one of ["primary", "success", "info", "warning", "danger"], got value "". Proxy(Object) at <ElTag>
at <TableTdWrapper>
at <ElTableBody>
at <ElScrollbar>
at <ElTable>
at <EmployeeVouchers>
at <BaseTransition>
at <Transition>
at <RouterView>
at <ElMain>
at <ElContainer>
at <ElContainer>
at <Layout>
at <RouterView>
at <App> [Object, Object, Object, Object, Object, Object, Object, Object, Object, Object, Object, Object, Object, Object, Object]
[2026-05-18T08:08:13.234Z] [warning] Invalid prop: custom validator check failed for prop "type". Proxy(Object) at <ElTag>
at <TableTdWrapper>
at <ElTableBody>
at <ElScrollbar>
at <ElTable>
at <EmployeeVouchers>
at <BaseTransition>
at <Transition>
at <RouterView>
at <ElMain>
at <ElContainer>
at <ElContainer>
at <Layout>
at <RouterView>
at <App> [Object, Object, Object, Object, Object, Object, Object, Object, Object, Object, Object, Object, Object, Object, Object]
[2026-05-18T08:08:13.238Z] [warning] Invalid prop: validation failed for prop "type". Expected one of ["primary", "success", "info", "warning", "danger"], got value "". Proxy(Object) at <ElTag>
at <TableTdWrapper>
at <ElTableBody>
at <ElScrollbar>
at <ElTable>
at <EmployeeVouchers>
at <BaseTransition>
at <Transition>
at <RouterView>
at <ElMain>
at <ElContainer>
at <ElContainer>
at <Layout>
at <RouterView>
at <App> [Object, Object, Object, Object, Object, Object, Object, Object, Object, Object, Object, Object, Object, Object, Object]
[2026-05-18T08:08:13.238Z] [warning] Invalid prop: custom validator check failed for prop "type". Proxy(Object) at <ElTag>
at <TableTdWrapper>
at <ElTableBody>
at <ElScrollbar>
at <ElTable>
at <EmployeeVouchers>
at <BaseTransition>
at <Transition>
at <RouterView>
at <ElMain>
at <ElContainer>
at <ElContainer>
at <Layout>
at <RouterView>
at <App> [Object, Object, Object, Object, Object, Object, Object, Object, Object, Object, Object, Object, Object, Object, Object]
[2026-05-18T08:08:13.238Z] [warning] Invalid prop: validation failed for prop "type". Expected one of ["primary", "success", "info", "warning", "danger"], got value "". Proxy(Object) at <ElTag>
at <TableTdWrapper>
at <ElTableBody>
at <ElScrollbar>
at <ElTable>
at <EmployeeVouchers>
at <BaseTransition>
at <Transition>
at <RouterView>
at <ElMain>
at <ElContainer>
at <ElContainer>
at <Layout>
at <RouterView>
at <App> [Object, Object, Object, Object, Object, Object, Object, Object, Object, Object, Object, Object, Object, Object, Object]
[2026-05-18T08:08:13.238Z] [warning] Invalid prop: custom validator check failed for prop "type". Proxy(Object) at <ElTag>
at <TableTdWrapper>
at <ElTableBody>
at <ElScrollbar>
at <ElTable>
at <EmployeeVouchers>
at <BaseTransition>
at <Transition>
at <RouterView>
at <ElMain>
at <ElContainer>
at <ElContainer>
at <Layout>
at <RouterView>
at <App> [Object, Object, Object, Object, Object, Object, Object, Object, Object, Object, Object, Object, Object, Object, Object]
[2026-05-18T08:08:13.240Z] [warning] Invalid prop: validation failed for prop "type". Expected one of ["primary", "success", "info", "warning", "danger"], got value "". Proxy(Object) at <ElTag>
at <TableTdWrapper>
at <ElTableBody>
at <ElScrollbar>
at <ElTable>
at <EmployeeVouchers>
at <BaseTransition>
at <Transition>
at <RouterView>
at <ElMain>
at <ElContainer>
at <ElContainer>
at <Layout>
at <RouterView>
at <App> [Object, Object, Object, Object, Object, Object, Object, Object, Object, Object, Object, Object, Object, Object, Object]
[2026-05-18T08:08:13.240Z] [warning] Invalid prop: custom validator check failed for prop "type". Proxy(Object) at <ElTag>
at <TableTdWrapper>
at <ElTableBody>
at <ElScrollbar>
at <ElTable>
at <EmployeeVouchers>
at <BaseTransition>
at <Transition>
at <RouterView>
at <ElMain>
at <ElContainer>
at <ElContainer>
at <Layout>
at <RouterView>
at <App> [Object, Object, Object, Object, Object, Object, Object, Object, Object, Object, Object, Object, Object, Object, Object]
[2026-05-18T08:08:13.241Z] [warning] Invalid prop: validation failed for prop "type". Expected one of ["primary", "success", "info", "warning", "danger"], got value "". Proxy(Object) at <ElTag>
at <TableTdWrapper>
at <ElTableBody>
at <ElScrollbar>
at <ElTable>
at <EmployeeVouchers>
at <BaseTransition>
at <Transition>
at <RouterView>
at <ElMain>
at <ElContainer>
at <ElContainer>
at <Layout>
at <RouterView>
at <App> [Object, Object, Object, Object, Object, Object, Object, Object, Object, Object, Object, Object, Object, Object, Object]
[2026-05-18T08:08:13.241Z] [warning] Invalid prop: custom validator check failed for prop "type". Proxy(Object) at <ElTag>
at <TableTdWrapper>
at <ElTableBody>
at <ElScrollbar>
at <ElTable>
at <EmployeeVouchers>
at <BaseTransition>
at <Transition>
at <RouterView>
at <ElMain>
at <ElContainer>
at <ElContainer>
at <Layout>
at <RouterView>
at <App> [Object, Object, Object, Object, Object, Object, Object, Object, Object, Object, Object, Object, Object, Object, Object]
[2026-05-18T08:08:13.241Z] [warning] Invalid prop: validation failed for prop "type". Expected one of ["primary", "success", "info", "warning", "danger"], got value "". Proxy(Object) at <ElTag>
at <TableTdWrapper>
at <ElTableBody>
at <ElScrollbar>
at <ElTable>
at <EmployeeVouchers>
at <BaseTransition>
at <Transition>
at <RouterView>
at <ElMain>
at <ElContainer>
at <ElContainer>
at <Layout>
at <RouterView>
at <App> [Object, Object, Object, Object, Object, Object, Object, Object, Object, Object, Object, Object, Object, Object, Object]
[2026-05-18T08:08:13.242Z] [warning] Invalid prop: custom validator check failed for prop "type". Proxy(Object) at <ElTag>
at <TableTdWrapper>
at <ElTableBody>
at <ElScrollbar>
at <ElTable>
at <EmployeeVouchers>
at <BaseTransition>
at <Transition>
at <RouterView>
at <ElMain>
at <ElContainer>
at <ElContainer>
at <Layout>
at <RouterView>
at <App> [Object, Object, Object, Object, Object, Object, Object, Object, Object, Object, Object, Object, Object, Object, Object]
[2026-05-18T08:08:13.242Z] [warning] Invalid prop: validation failed for prop "type". Expected one of ["primary", "success", "info", "warning", "danger"], got value "". Proxy(Object) at <ElTag>
at <TableTdWrapper>
at <ElTableBody>
at <ElScrollbar>
at <ElTable>
at <EmployeeVouchers>
at <BaseTransition>
at <Transition>
at <RouterView>
at <ElMain>
at <ElContainer>
at <ElContainer>
at <Layout>
at <RouterView>
at <App> [Object, Object, Object, Object, Object, Object, Object, Object, Object, Object, Object, Object, Object, Object, Object]
[2026-05-18T08:08:13.242Z] [warning] Invalid prop: custom validator check failed for prop "type". Proxy(Object) at <ElTag>
at <TableTdWrapper>
at <ElTableBody>
at <ElScrollbar>
at <ElTable>
at <EmployeeVouchers>
at <BaseTransition>
at <Transition>
at <RouterView>
at <ElMain>
at <ElContainer>
at <ElContainer>
at <Layout>
at <RouterView>
at <App> [Object, Object, Object, Object, Object, Object, Object, Object, Object, Object, Object, Object, Object, Object, Object]
[2026-05-18T08:08:13.246Z] [warning] Invalid prop: validation failed for prop "type". Expected one of ["primary", "success", "info", "warning", "danger"], got value "". Proxy(Object) at <ElTag>
at <TableTdWrapper>
at <ElTableBody>
at <ElScrollbar>
at <ElTable>
at <EmployeeVouchers>
at <BaseTransition>
at <Transition>
at <RouterView>
at <ElMain>
at <ElContainer>
at <ElContainer>
at <Layout>
at <RouterView>
at <App> [Object, Object, Object, Object, Object, Object, Object, Object, Object, Object, Object, Object, Object, Object, Object]
[2026-05-18T08:08:13.246Z] [warning] Invalid prop: custom validator check failed for prop "type". Proxy(Object) at <ElTag>
at <TableTdWrapper>
at <ElTableBody>
at <ElScrollbar>
at <ElTable>
at <EmployeeVouchers>
at <BaseTransition>
at <Transition>
at <RouterView>
at <ElMain>
at <ElContainer>
at <ElContainer>
at <Layout>
at <RouterView>
at <App> [Object, Object, Object, Object, Object, Object, Object, Object, Object, Object, Object, Object, Object, Object, Object]
[2026-05-18T08:08:13.246Z] [warning] Invalid prop: validation failed for prop "type". Expected one of ["primary", "success", "info", "warning", "danger"], got value "". Proxy(Object) at <ElTag>
at <TableTdWrapper>
at <ElTableBody>
at <ElScrollbar>
at <ElTable>
at <EmployeeVouchers>
at <BaseTransition>
at <Transition>
at <RouterView>
at <ElMain>
at <ElContainer>
at <ElContainer>
at <Layout>
at <RouterView>
at <App> [Object, Object, Object, Object, Object, Object, Object, Object, Object, Object, Object, Object, Object, Object, Object]
[2026-05-18T08:08:13.246Z] [warning] Invalid prop: custom validator check failed for prop "type". Proxy(Object) at <ElTag>
at <TableTdWrapper>
at <ElTableBody>
at <ElScrollbar>
at <ElTable>
at <EmployeeVouchers>
at <BaseTransition>
at <Transition>
at <RouterView>
at <ElMain>
at <ElContainer>
at <ElContainer>
at <Layout>
at <RouterView>
at <App> [Object, Object, Object, Object, Object, Object, Object, Object, Object, Object, Object, Object, Object, Object, Object]
[2026-05-18T08:08:13.248Z] [warning] Invalid prop: validation failed for prop "type". Expected one of ["primary", "success", "info", "warning", "danger"], got value "". Proxy(Object) at <ElTag>
at <TableTdWrapper>
at <ElTableBody>
at <ElScrollbar>
at <ElTable>
at <EmployeeVouchers>
at <BaseTransition>
at <Transition>
at <RouterView>
at <ElMain>
at <ElContainer>
at <ElContainer>
at <Layout>
at <RouterView>
at <App> [Object, Object, Object, Object, Object, Object, Object, Object, Object, Object, Object, Object, Object, Object, Object]
[2026-05-18T08:08:13.248Z] [warning] Invalid prop: custom validator check failed for prop "type". Proxy(Object) at <ElTag>
at <TableTdWrapper>
at <ElTableBody>
at <ElScrollbar>
at <ElTable>
at <EmployeeVouchers>
at <BaseTransition>
at <Transition>
at <RouterView>
at <ElMain>
at <ElContainer>
at <ElContainer>
at <Layout>
at <RouterView>
at <App> [Object, Object, Object, Object, Object, Object, Object, Object, Object, Object, Object, Object, Object, Object, Object]
[2026-05-18T08:08:13.250Z] [warning] Invalid prop: validation failed for prop "type". Expected one of ["primary", "success", "info", "warning", "danger"], got value "". Proxy(Object) at <ElTag>
at <TableTdWrapper>
at <ElTableBody>
at <ElScrollbar>
at <ElTable>
at <EmployeeVouchers>
at <BaseTransition>
at <Transition>
at <RouterView>
at <ElMain>
at <ElContainer>
at <ElContainer>
at <Layout>
at <RouterView>
at <App> [Object, Object, Object, Object, Object, Object, Object, Object, Object, Object, Object, Object, Object, Object, Object]
[2026-05-18T08:08:13.250Z] [warning] Invalid prop: custom validator check failed for prop "type". Proxy(Object) at <ElTag>
at <TableTdWrapper>
at <ElTableBody>
at <ElScrollbar>
at <ElTable>
at <EmployeeVouchers>
at <BaseTransition>
at <Transition>
at <RouterView>
at <ElMain>
at <ElContainer>
at <ElContainer>
at <Layout>
at <RouterView>
at <App> [Object, Object, Object, Object, Object, Object, Object, Object, Object, Object, Object, Object, Object, Object, Object]
[2026-05-18T08:08:13.250Z] [warning] Invalid prop: validation failed for prop "type". Expected one of ["primary", "success", "info", "warning", "danger"], got value "". Proxy(Object) at <ElTag>
at <TableTdWrapper>
at <ElTableBody>
at <ElScrollbar>
at <ElTable>
at <EmployeeVouchers>
at <BaseTransition>
at <Transition>
at <RouterView>
at <ElMain>
at <ElContainer>
at <ElContainer>
at <Layout>
at <RouterView>
at <App> [Object, Object, Object, Object, Object, Object, Object, Object, Object, Object, Object, Object, Object, Object, Object]
[2026-05-18T08:08:13.250Z] [warning] Invalid prop: custom validator check failed for prop "type". Proxy(Object) at <ElTag>
at <TableTdWrapper>
at <ElTableBody>
at <ElScrollbar>
at <ElTable>
at <EmployeeVouchers>
at <BaseTransition>
at <Transition>
at <RouterView>
at <ElMain>
at <ElContainer>
at <ElContainer>
at <Layout>
at <RouterView>
at <App> [Object, Object, Object, Object, Object, Object, Object, Object, Object, Object, Object, Object, Object, Object, Object]
[2026-05-18T08:08:13.250Z] [warning] Invalid prop: validation failed for prop "type". Expected one of ["primary", "success", "info", "warning", "danger"], got value "". Proxy(Object) at <ElTag>
at <TableTdWrapper>
at <ElTableBody>
at <ElScrollbar>
at <ElTable>
at <EmployeeVouchers>
at <BaseTransition>
at <Transition>
at <RouterView>
at <ElMain>
at <ElContainer>
at <ElContainer>
at <Layout>
at <RouterView>
at <App> [Object, Object, Object, Object, Object, Object, Object, Object, Object, Object, Object, Object, Object, Object, Object]
[2026-05-18T08:08:13.251Z] [warning] Invalid prop: custom validator check failed for prop "type". Proxy(Object) at <ElTag>
at <TableTdWrapper>
at <ElTableBody>
at <ElScrollbar>
at <ElTable>
at <EmployeeVouchers>
at <BaseTransition>
at <Transition>
at <RouterView>
at <ElMain>
at <ElContainer>
at <ElContainer>
at <Layout>
at <RouterView>
at <App> [Object, Object, Object, Object, Object, Object, Object, Object, Object, Object, Object, Object, Object, Object, Object]
[2026-05-18T08:08:13.254Z] [warning] Invalid prop: validation failed for prop "type". Expected one of ["primary", "success", "info", "warning", "danger"], got value "". Proxy(Object) at <ElTag>
at <TableTdWrapper>
at <ElTableBody>
at <ElScrollbar>
at <ElTable>
at <EmployeeVouchers>
at <BaseTransition>
at <Transition>
at <RouterView>
at <ElMain>
at <ElContainer>
at <ElContainer>
at <Layout>
at <RouterView>
at <App> [Object, Object, Object, Object, Object, Object, Object, Object, Object, Object, Object, Object, Object, Object, Object]
[2026-05-18T08:08:13.254Z] [warning] Invalid prop: custom validator check failed for prop "type". Proxy(Object) at <ElTag>
at <TableTdWrapper>
at <ElTableBody>
at <ElScrollbar>
at <ElTable>
at <EmployeeVouchers>
at <BaseTransition>
at <Transition>
at <RouterView>
at <ElMain>
at <ElContainer>
at <ElContainer>
at <Layout>
at <RouterView>
at <App> [Object, Object, Object, Object, Object, Object, Object, Object, Object, Object, Object, Object, Object, Object, Object]
[2026-05-18T08:08:13.255Z] [warning] Invalid prop: validation failed for prop "type". Expected one of ["primary", "success", "info", "warning", "danger"], got value "". Proxy(Object) at <ElTag>
at <TableTdWrapper>
at <ElTableBody>
at <ElScrollbar>
at <ElTable>
at <EmployeeVouchers>
at <BaseTransition>
at <Transition>
at <RouterView>
at <ElMain>
at <ElContainer>
at <ElContainer>
at <Layout>
at <RouterView>
at <App> [Object, Object, Object, Object, Object, Object, Object, Object, Object, Object, Object, Object, Object, Object, Object]
[2026-05-18T08:08:13.255Z] [warning] Invalid prop: custom validator check failed for prop "type". Proxy(Object) at <ElTag>
at <TableTdWrapper>
at <ElTableBody>
at <ElScrollbar>
at <ElTable>
at <EmployeeVouchers>
at <BaseTransition>
at <Transition>
at <RouterView>
at <ElMain>
at <ElContainer>
at <ElContainer>
at <Layout>
at <RouterView>
at <App> [Object, Object, Object, Object, Object, Object, Object, Object, Object, Object, Object, Object, Object, Object, Object]
[2026-05-18T08:08:13.256Z] [warning] Invalid prop: validation failed for prop "type". Expected one of ["primary", "success", "info", "warning", "danger"], got value "". Proxy(Object) at <ElTag>
at <TableTdWrapper>
at <ElTableBody>
at <ElScrollbar>
at <ElTable>
at <EmployeeVouchers>
at <BaseTransition>
at <Transition>
at <RouterView>
at <ElMain>
at <ElContainer>
at <ElContainer>
at <Layout>
at <RouterView>
at <App> [Object, Object, Object, Object, Object, Object, Object, Object, Object, Object, Object, Object, Object, Object, Object]
[2026-05-18T08:08:13.256Z] [warning] Invalid prop: custom validator check failed for prop "type". Proxy(Object) at <ElTag>
at <TableTdWrapper>
at <ElTableBody>
at <ElScrollbar>
at <ElTable>
at <EmployeeVouchers>
at <BaseTransition>
at <Transition>
at <RouterView>
at <ElMain>
at <ElContainer>
at <ElContainer>
at <Layout>
at <RouterView>
at <App> [Object, Object, Object, Object, Object, Object, Object, Object, Object, Object, Object, Object, Object, Object, Object]
[2026-05-18T08:08:13.258Z] [warning] Invalid prop: validation failed for prop "type". Expected one of ["primary", "success", "info", "warning", "danger"], got value "". Proxy(Object) at <ElTag>
at <TableTdWrapper>
at <ElTableBody>
at <ElScrollbar>
at <ElTable>
at <EmployeeVouchers>
at <BaseTransition>
at <Transition>
at <RouterView>
at <ElMain>
at <ElContainer>
at <ElContainer>
at <Layout>
at <RouterView>
at <App> [Object, Object, Object, Object, Object, Object, Object, Object, Object, Object, Object, Object, Object, Object, Object]
[2026-05-18T08:08:13.258Z] [warning] Invalid prop: custom validator check failed for prop "type". Proxy(Object) at <ElTag>
at <TableTdWrapper>
at <ElTableBody>
at <ElScrollbar>
at <ElTable>
at <EmployeeVouchers>
at <BaseTransition>
at <Transition>
at <RouterView>
at <ElMain>
at <ElContainer>
at <ElContainer>
at <Layout>
at <RouterView>
at <App> [Object, Object, Object, Object, Object, Object, Object, Object, Object, Object, Object, Object, Object, Object, Object]
[2026-05-18T08:08:13.258Z] [warning] Invalid prop: validation failed for prop "type". Expected one of ["primary", "success", "info", "warning", "danger"], got value "". Proxy(Object) at <ElTag>
at <TableTdWrapper>
at <ElTableBody>
at <ElScrollbar>
at <ElTable>
at <EmployeeVouchers>
at <BaseTransition>
at <Transition>
at <RouterView>
at <ElMain>
at <ElContainer>
at <ElContainer>
at <Layout>
at <RouterView>
at <App> [Object, Object, Object, Object, Object, Object, Object, Object, Object, Object, Object, Object, Object, Object, Object]
[2026-05-18T08:08:13.258Z] [warning] Invalid prop: custom validator check failed for prop "type". Proxy(Object) at <ElTag>
at <TableTdWrapper>
at <ElTableBody>
at <ElScrollbar>
at <ElTable>
at <EmployeeVouchers>
at <BaseTransition>
at <Transition>
at <RouterView>
at <ElMain>
at <ElContainer>
at <ElContainer>
at <Layout>
at <RouterView>
at <App> [Object, Object, Object, Object, Object, Object, Object, Object, Object, Object, Object, Object, Object, Object, Object]
[2026-05-18T08:08:13.258Z] [warning] Invalid prop: validation failed for prop "type". Expected one of ["primary", "success", "info", "warning", "danger"], got value "". Proxy(Object) at <ElTag>
at <TableTdWrapper>
at <ElTableBody>
at <ElScrollbar>
at <ElTable>
at <EmployeeVouchers>
at <BaseTransition>
at <Transition>
at <RouterView>
at <ElMain>
at <ElContainer>
at <ElContainer>
at <Layout>
at <RouterView>
at <App> [Object, Object, Object, Object, Object, Object, Object, Object, Object, Object, Object, Object, Object, Object, Object]
[2026-05-18T08:08:13.259Z] [warning] Invalid prop: custom validator check failed for prop "type". Proxy(Object) at <ElTag>
at <TableTdWrapper>
at <ElTableBody>
at <ElScrollbar>
at <ElTable>
at <EmployeeVouchers>
at <BaseTransition>
at <Transition>
at <RouterView>
at <ElMain>
at <ElContainer>
at <ElContainer>
at <Layout>
at <RouterView>
at <App> [Object, Object, Object, Object, Object, Object, Object, Object, Object, Object, Object, Object, Object, Object, Object]
[2026-05-18T08:08:13.263Z] [warning] Invalid prop: validation failed for prop "type". Expected one of ["primary", "success", "info", "warning", "danger"], got value "". Proxy(Object) at <ElTag>
at <TableTdWrapper>
at <ElTableBody>
at <ElScrollbar>
at <ElTable>
at <EmployeeVouchers>
at <BaseTransition>
at <Transition>
at <RouterView>
at <ElMain>
at <ElContainer>
at <ElContainer>
at <Layout>
at <RouterView>
at <App> [Object, Object, Object, Object, Object, Object, Object, Object, Object, Object, Object, Object, Object, Object, Object]
[2026-05-18T08:08:13.263Z] [warning] Invalid prop: custom validator check failed for prop "type". Proxy(Object) at <ElTag>
at <TableTdWrapper>
at <ElTableBody>
at <ElScrollbar>
at <ElTable>
at <EmployeeVouchers>
at <BaseTransition>
at <Transition>
at <RouterView>
at <ElMain>
at <ElContainer>
at <ElContainer>
at <Layout>
at <RouterView>
at <App> [Object, Object, Object, Object, Object, Object, Object, Object, Object, Object, Object, Object, Object, Object, Object]
[2026-05-18T08:08:13.263Z] [warning] Invalid prop: validation failed for prop "type". Expected one of ["primary", "success", "info", "warning", "danger"], got value "". Proxy(Object) at <ElTag>
at <TableTdWrapper>
at <ElTableBody>
at <ElScrollbar>
at <ElTable>
at <EmployeeVouchers>
at <BaseTransition>
at <Transition>
at <RouterView>
at <ElMain>
at <ElContainer>
at <ElContainer>
at <Layout>
at <RouterView>
at <App> [Object, Object, Object, Object, Object, Object, Object, Object, Object, Object, Object, Object, Object, Object, Object]
[2026-05-18T08:08:13.263Z] [warning] Invalid prop: custom validator check failed for prop "type". Proxy(Object) at <ElTag>
at <TableTdWrapper>
at <ElTableBody>
at <ElScrollbar>
at <ElTable>
at <EmployeeVouchers>
at <BaseTransition>
at <Transition>
at <RouterView>
at <ElMain>
at <ElContainer>
at <ElContainer>
at <Layout>
at <RouterView>
at <App> [Object, Object, Object, Object, Object, Object, Object, Object, Object, Object, Object, Object, Object, Object, Object]
[2026-05-18T08:08:13.264Z] [warning] Invalid prop: validation failed for prop "type". Expected one of ["primary", "success", "info", "warning", "danger"], got value "". Proxy(Object) at <ElTag>
at <TableTdWrapper>
at <ElTableBody>
at <ElScrollbar>
at <ElTable>
at <EmployeeVouchers>
at <BaseTransition>
at <Transition>
at <RouterView>
at <ElMain>
at <ElContainer>
at <ElContainer>
at <Layout>
at <RouterView>
at <App> [Object, Object, Object, Object, Object, Object, Object, Object, Object, Object, Object, Object, Object, Object, Object]
[2026-05-18T08:08:13.265Z] [warning] Invalid prop: custom validator check failed for prop "type". Proxy(Object) at <ElTag>
at <TableTdWrapper>
at <ElTableBody>
at <ElScrollbar>
at <ElTable>
at <EmployeeVouchers>
at <BaseTransition>
at <Transition>
at <RouterView>
at <ElMain>
at <ElContainer>
at <ElContainer>
at <Layout>
at <RouterView>
at <App> [Object, Object, Object, Object, Object, Object, Object, Object, Object, Object, Object, Object, Object, Object, Object]
[2026-05-18T08:08:13.266Z] [warning] Invalid prop: validation failed for prop "type". Expected one of ["primary", "success", "info", "warning", "danger"], got value "". Proxy(Object) at <ElTag>
at <TableTdWrapper>
at <ElTableBody>
at <ElScrollbar>
at <ElTable>
at <EmployeeVouchers>
at <BaseTransition>
at <Transition>
at <RouterView>
at <ElMain>
at <ElContainer>
at <ElContainer>
at <Layout>
at <RouterView>
at <App> [Object, Object, Object, Object, Object, Object, Object, Object, Object, Object, Object, Object, Object, Object, Object]
[2026-05-18T08:08:13.266Z] [warning] Invalid prop: custom validator check failed for prop "type". Proxy(Object) at <ElTag>
at <TableTdWrapper>
at <ElTableBody>
at <ElScrollbar>
at <ElTable>
at <EmployeeVouchers>
at <BaseTransition>
at <Transition>
at <RouterView>
at <ElMain>
at <ElContainer>
at <ElContainer>
at <Layout>
at <RouterView>
at <App> [Object, Object, Object, Object, Object, Object, Object, Object, Object, Object, Object, Object, Object, Object, Object]
[2026-05-18T08:08:13.266Z] [warning] Invalid prop: validation failed for prop "type". Expected one of ["primary", "success", "info", "warning", "danger"], got value "". Proxy(Object) at <ElTag>
at <TableTdWrapper>
at <ElTableBody>
at <ElScrollbar>
at <ElTable>
at <EmployeeVouchers>
at <BaseTransition>
at <Transition>
at <RouterView>
at <ElMain>
at <ElContainer>
at <ElContainer>
at <Layout>
at <RouterView>
at <App> [Object, Object, Object, Object, Object, Object, Object, Object, Object, Object, Object, Object, Object, Object, Object]
[2026-05-18T08:08:13.267Z] [warning] Invalid prop: custom validator check failed for prop "type". Proxy(Object) at <ElTag>
at <TableTdWrapper>
at <ElTableBody>
at <ElScrollbar>
at <ElTable>
at <EmployeeVouchers>
at <BaseTransition>
at <Transition>
at <RouterView>
at <ElMain>
at <ElContainer>
at <ElContainer>
at <Layout>
at <RouterView>
at <App> [Object, Object, Object, Object, Object, Object, Object, Object, Object, Object, Object, Object, Object, Object, Object]
[2026-05-18T08:08:13.268Z] [warning] Invalid prop: validation failed for prop "type". Expected one of ["primary", "success", "info", "warning", "danger"], got value "". Proxy(Object) at <ElTag>
at <TableTdWrapper>
at <ElTableBody>
at <ElScrollbar>
at <ElTable>
at <EmployeeVouchers>
at <BaseTransition>
at <Transition>
at <RouterView>
at <ElMain>
at <ElContainer>
at <ElContainer>
at <Layout>
at <RouterView>
at <App> [Object, Object, Object, Object, Object, Object, Object, Object, Object, Object, Object, Object, Object, Object, Object]
[2026-05-18T08:08:13.268Z] [warning] Invalid prop: custom validator check failed for prop "type". Proxy(Object) at <ElTag>
at <TableTdWrapper>
at <ElTableBody>
at <ElScrollbar>
at <ElTable>
at <EmployeeVouchers>
at <BaseTransition>
at <Transition>
at <RouterView>
at <ElMain>
at <ElContainer>
at <ElContainer>
at <Layout>
at <RouterView>
at <App> [Object, Object, Object, Object, Object, Object, Object, Object, Object, Object, Object, Object, Object, Object, Object]
